"year","rank","male","female"
1950,1,"Mehmet","Fatma"
1950,2,"Mustafa","Ayşe"
1950,3,"Ahmet","Emine"
1950,4,"Ali","Hatice"
1950,5,"Hüseyin","Zeynep"
1950,6,"Hasan","Şerife"
1950,7,"İsmail","Sultan"
1950,8,"İbrahim","Meryem"
1950,9,"Osman","Hanife"
1950,10,"Halil","Fadime"
1950,11,"Yusuf","Sevim"
1950,12,"Süleyman","Cemile"
1950,13,"Ömer","Zeliha"
1950,14,"Ramazan","Havva"
1950,15,"Abdullah","Hacer"
1950,16,"Kemal","Elif"
1950,17,"Yaşar","Hayriye"
1950,18,"Mahmut","Zehra"
1950,19,"Salih","Kadriye"
1950,20,"Recep","Döndü"
1950,21,"Celal","Naciye"
1950,22,"Mehmet Ali","Hava"
1950,23,"İsmet","Gülsüm"
1950,24,"Bekir","Asiye"
1950,25,"Muzaffer","Nuriye"
1950,26,"Kadir","Halime"
1950,27,"Cemal","Zekiye"
1950,28,"Selahattin","Makbule"
1950,29,"Şükrü","Nazmiye"
1950,30,"Bayram","Saniye"
1950,31,"Necati","Aysel"
1950,32,"Musa","Hanım"
1950,33,"Mevlüt","Keziban"
1950,34,"Dursun","Safiye"
1950,35,"Zeki","Güllü"
1950,36,"Nurettin","Münevver"
1950,37,"Arif","Meliha"
1950,38,"Şaban","Ayten"
1950,39,"Sabri","Perihan"
1950,40,"Adem","Türkan"
1950,41,"Murat","Müzeyyen"
1950,42,"Nuri","Şükran"
1950,43,"Orhan","Melek"
1950,44,"Muharrem","Hamide"
1950,45,"Emin","Leyla"
1950,46,"Abdurrahman","Huriye"
1950,47,"Veli","Rahime"
1950,48,"Cemil","Fikriye"
1950,49,"Ekrem","Remziye"
1950,50,"Kamil","Nurten"
1950,51,"Memet","Melahat"
1950,52,"İhsan","Feride"
1950,53,"Hikmet","Dudu"
1950,54,"Hasan Hüseyin","Yeter"
1950,55,"Fevzi","Rabia"
1950,56,"Remzi","Saliha"
1950,57,"Sami","Şükriye"
1950,58,"Sadık","Saadet"
1950,59,"Niyazi","Nazife"
1950,60,"Kazım","Gülten"
1950,61,"Halil İbrahim","Elmas"
1950,62,"Yılmaz","Hafize"
1950,63,"Nihat","Rukiye"
1950,64,"Halit","Necla"
1950,65,"Muammer","Hediye"
1950,66,"Nevzat","Zahide"
1950,67,"Durmuş","Sebahat"
1950,68,"Enver","Bedriye"
1950,69,"Metin","Aynur"
1950,70,"Haydar","Seher"
1950,71,"Yakup","Satı"
1950,72,"Aziz","Güler"
1950,73,"Cafer","Neriman"
1950,74,"Şevket","Nermin"
1950,75,"İlyas","Raziye"
1950,76,"Hakkı","Arife"
1950,77,"Tahsin","Esma"
1950,78,"Mehmet Emin","Gülüzar"
1950,79,"Erol","Nebahat"
1950,80,"Fahrettin","Pakize"
1950,81,"Fikret","Cennet"
1950,82,"Salim","Medine"
1950,83,"İrfan","Hatun"
1950,84,"Bilal","Döne"
1950,85,"Hamdi","Habibe"
1950,86,"Hayrettin","Lütfiye"
1950,87,"Fahri","Nimet"
1950,88,"Ziya","Şaziye"
1950,89,"Hamza","Sabriye"
1950,90,"Ali Osman","Semiha"
1950,91,"Duran","Kıymet"
1950,92,"Adil","Kezban"
1950,93,"Rıza","Gönül"
1950,94,"Şerafettin","Elife"
1950,95,"Abdulkadir","Kamile"
1950,96,"Cuma","Gülseren"
1950,97,"İsa","Aliye"
1950,98,"Tahir","Gülşen"
1950,99,"Hamit","Naime"
1950,100,"İzzet","Yüksel"
1960,1,"Mehmet","Fatma"
1960,2,"Mustafa","Ayşe"
1960,3,"Ahmet","Emine"
1960,4,"Ali","Hatice"
1960,5,"Hüseyin","Zeynep"
1960,6,"Hasan","Sevim"
1960,7,"İbrahim","Meryem"
1960,8,"İsmail","Aysel"
1960,9,"Ramazan","Sultan"
1960,10,"Osman","Fadime"
1960,11,"Recep","Şerife"
1960,12,"Yaşar","Hanife"
1960,13,"Yusuf","Ayten"
1960,14,"Süleyman","Havva"
1960,15,"Ömer","Kadriye"
1960,16,"Halil","Zeliha"
1960,17,"Abdullah","Aynur"
1960,18,"Kemal","Cemile"
1960,19,"Cemal","Hacer"
1960,20,"Metin","Leyla"
1960,21,"Mahmut","Nurten"
1960,22,"Orhan","Zehra"
1960,23,"Kadir","Şükran"
1960,24,"Salih","Elif"
1960,25,"Şaban","Hayriye"
1960,26,"Zeki","Asiye"
1960,27,"Bayram","Sevgi"
1960,28,"Adem","Selma"
1960,29,"Murat","Türkan"
1960,30,"Muzaffer","Döndü"
1960,31,"Adnan","Güler"
1960,32,"Erol","Gülten"
1960,33,"Mehmet Ali","Hava"
1960,34,"İsmet","Gönül"
1960,35,"Bekir","Saniye"
1960,36,"Selahattin","Melek"
1960,37,"Yılmaz","Keziban"
1960,38,"Musa","Perihan"
1960,39,"Celal","Neriman"
1960,40,"Necati","Naciye"
1960,41,"Dursun","Gülseren"
1960,42,"Nurettin","Gülsüm"
1960,43,"Arif","Nuriye"
1960,44,"Ekrem","Nermin"
1960,45,"Erdoğan","Zekiye"
1960,46,"Şükrü","Remziye"
1960,47,"Nihat","Şengül"
1960,48,"Gürsel","Halime"
1960,49,"Ayhan","Hanım"
1960,50,"İrfan","Yeter"
1960,51,"Muammer","Gülşen"
1960,52,"Kenan","Necla"
1960,53,"Mevlüt","Meliha"
1960,54,"Muharrem","Makbule"
1960,55,"Abdurrahman","Safiye"
1960,56,"Nevzat","Müzeyyen"
1960,57,"İhsan","Hülya"
1960,58,"Yakup","Münevver"
1960,59,"Cemil","Nazmiye"
1960,60,"Fikret","Hamide"
1960,61,"Hikmet","Güllü"
1960,62,"Aydın","Nuray"
1960,63,"Yüksel","Rahime"
1960,64,"Sami","Saliha"
1960,65,"Emin","Huriye"
1960,66,"İlhan","Semra"
1960,67,"Cengiz","Nuran"
1960,68,"Remzi","Melahat"
1960,69,"Halit","Nevin"
1960,70,"Veli","Gülay"
1960,71,"Kamil","Sebahat"
1960,72,"Nuri","Seher"
1960,73,"Sabri","Arife"
1960,74,"Bilal","Meral"
1960,75,"Enver","Saadet"
1960,76,"Hayrettin","Serpil"
1960,77,"Faruk","Zübeyde"
1960,78,"İlyas","Yıldız"
1960,79,"Haydar","Fikriye"
1960,80,"Sedat","Yüksel"
1960,81,"Halil İbrahim","Hediye"
1960,82,"İsa","Elmas"
1960,83,"Sadık","Feride"
1960,84,"Cafer","Nebahat"
1960,85,"Burhan","Rukiye"
1960,86,"Hasan Hüseyin","Nazife"
1960,87,"Turan","Dudu"
1960,88,"Veysel","Songül"
1960,89,"Zafer","Semiha"
1960,90,"Sebahattin","Ayfer"
1960,91,"Şahin","Kıymet"
1960,92,"Tahsin","Nimet"
1960,93,"Durmuş","Bedriye"
1960,94,"Aziz","Esma"
1960,95,"Niyazi","Cennet"
1960,96,"Bülent","Tülay"
1960,97,"Necdet","Rabia"
1960,98,"Fahrettin","Medine"
1960,99,"Kazım","Şükriye"
1960,100,"Mesut","Zahide"
1970,1,"Mehmet","Fatma"
1970,2,"Mustafa","Ayşe"
1970,3,"Ahmet","Emine"
1970,4,"Ali","Hatice"
1970,5,"Hüseyin","Hülya"
1970,6,"Murat","Zeynep"
1970,7,"Hasan","Aynur"
1970,8,"İsmail","Aysel"
1970,9,"İbrahim","Meryem"
1970,10,"Ramazan","Sevim"
1970,11,"Osman","Leyla"
1970,12,"Metin","Fadime"
1970,13,"Ömer","Filiz"
1970,14,"Yusuf","Hacer"
1970,15,"Süleyman","Songül"
1970,16,"Halil","Selma"
1970,17,"Abdullah","Sultan"
1970,18,"Ayhan","Ayten"
1970,19,"Yaşar","Hanife"
1970,20,"Adem","Nuray"
1970,21,"Recep","Havva"
1970,22,"Yılmaz","Sevgi"
1970,23,"Mahmut","Şerife"
1970,24,"Erol","Gülay"
1970,25,"Kemal","Türkan"
1970,26,"Orhan","Dilek"
1970,27,"Cengiz","Yasemin"
1970,28,"Hakan","Serpil"
1970,29,"Salih","Elif"
1970,30,"Erdal","Nurten"
1970,31,"Bayram","Kadriye"
1970,32,"Ercan","Zeliha"
1970,33,"Aydın","Şükran"
1970,34,"Kadir","Nuran"
1970,35,"Bülent","Gönül"
1970,36,"Yüksel","Reyhan"
1970,37,"Musa","Cemile"
1970,38,"Nihat","Melek"
1970,39,"Mesut","Zehra"
1970,40,"Bekir","Şengül"
1970,41,"Mehmet Ali","Nurcan"
1970,42,"Cemal","Ayfer"
1970,43,"Kenan","Semra"
1970,44,"Zeki","Yıldız"
1970,45,"Erkan","Tülay"
1970,46,"Yakup","Güler"
1970,47,"Erdoğan","Asiye"
1970,48,"Şaban","Gülten"
1970,49,"İlhan","Meral"
1970,50,"Sedat","Halime"
1970,51,"Selahattin","Sema"
1970,52,"Ekrem","Döndü"
1970,53,"Arif","Nermin"
1970,54,"İsa","Necla"
1970,55,"Uğur","Hayriye"
1970,56,"İrfan","Birgül"
1970,57,"Adnan","Saniye"
1970,58,"Muharrem","Gülcan"
1970,59,"Nurettin","Hava"
1970,60,"İsmet","Keziban"
1970,61,"Celal","Zübeyde"
1970,62,"Levent","Gülsüm"
1970,63,"Dursun","Arzu"
1970,64,"Muzaffer","Yeter"
1970,65,"Çetin","İlknur"
1970,66,"Fatih","Nuriye"
1970,67,"Özcan","Seher"
1970,68,"Şahin","Neriman"
1970,69,"Fikret","Özlem"
1970,70,"Şükrü","Gülşen"
1970,71,"Bilal","Gülseren"
1970,72,"Abdurrahman","Nurgül"
1970,73,"Faruk","Remziye"
1970,74,"Şenol","Saliha"
1970,75,"Nevzat","Naciye"
1970,76,"Vedat","Hamide"
1970,77,"Emin","Zekiye"
1970,78,"Tuncay","Nesrin"
1970,79,"Nuri","Perihan"
1970,80,"Muammer","Nilgün"
1970,81,"Veysel","Hanım"
1970,82,"Selim","Rukiye"
1970,83,"İhsan","Saadet"
1970,84,"Muhammet","Canan"
1970,85,"Turan","Güllü"
1970,86,"Kamil","Ayşegül"
1970,87,"Cemil","Safiye"
1970,88,"Sinan","Nazmiye"
1970,89,"Harun","Huriye"
1970,90,"Necati","Sevda"
1970,91,"Engin","Nevin"
1970,92,"Hikmet","Münevver"
1970,93,"Birol","Serap"
1970,94,"Burhan","Medine"
1970,95,"Yavuz","Birsen"
1970,96,"Mevlüt","Arife"
1970,97,"Oktay","Feride"
1970,98,"Veli","Sibel"
1970,99,"Erhan","Aysun"
1970,100,"Cevdet","Rahime"
1980,1,"Mehmet","Fatma"
1980,2,"Mustafa","Ayşe"
1980,3,"Murat","Emine"
1980,4,"Ahmet","Hatice"
1980,5,"Ali","Zeynep"
1980,6,"Serkan","Özlem"
1980,7,"Hüseyin","Sibel"
1980,8,"Hasan","Dilek"
1980,9,"İbrahim","Elif"
1980,10,"Fatih","Yasemin"
1980,11,"İsmail","Filiz"
1980,12,"Ramazan","Songül"
1980,13,"Hakan","Meryem"
1980,14,"Ömer","Arzu"
1980,15,"Adem","Hülya"
1980,16,"Osman","Derya"
1980,17,"Erkan","Nurcan"
1980,18,"Yusuf","Çiğdem"
1980,19,"Serdar","Selma"
1980,20,"Abdullah","Leyla"
1980,21,"Halil","Sultan"
1980,22,"Süleyman","Aynur"
1980,23,"Özgür","Hacer"
1980,24,"Orhan","Sevgi"
1980,25,"Metin","Serap"
1980,26,"Kenan","Pınar"
1980,27,"Mahmut","Serpil"
1980,28,"Sinan","Aysel"
1980,29,"Gökhan","Melek"
1980,30,"Ercan","Nuray"
1980,31,"Engin","Ayşegül"
1980,32,"Erhan","Esra"
1980,33,"Kadir","Zehra"
1980,34,"Ayhan","Fadime"
1980,35,"Mesut","Semra"
1980,36,"Recep","Havva"
1980,37,"Uğur","Meral"
1980,38,"Ümit","Neslihan"
1980,39,"Sedat","Yeliz"
1980,40,"Salih","Gülay"
1980,41,"Kemal","Emel"
1980,42,"Yılmaz","Sevda"
1980,43,"Harun","Şerife"
1980,44,"Erdal","Gülcan"
1980,45,"Bayram","Hanife"
1980,46,"Volkan","Sevim"
1980,47,"Barış","Zeliha"
1980,48,"Yasin","Aslı"
1980,49,"Ferhat","Canan"
1980,50,"Cengiz","Ebru"
1980,51,"Aydın","İlknur"
1980,52,"Erol","Halime"
1980,53,"Levent","Tülay"
1980,54,"Yaşar","Selda"
1980,55,"Bülent","Ayten"
1980,56,"Musa","Aysun"
1980,57,"Mehmet Ali","Yıldız"
1980,58,"Özkan","Kadriye"
1980,59,"İsa","Gönül"
1980,60,"Muhammet","Burcu"
1980,61,"Yunus","Ayfer"
1980,62,"Emre","Sema"
1980,63,"Yakup","Şükran"
1980,64,"Tuncay","Rukiye"
1980,65,"Bekir","Cemile"
1980,66,"Selçuk","Türkan"
1980,67,"Bilal","Seher"
1980,68,"Ersin","Mehtap"
1980,69,"Zafer","Gülşen"
1980,70,"Ferdi","Gülsüm"
1980,71,"Yavuz","Şengül"
1980,72,"Onur","Deniz"
1980,73,"İlhan","Tuğba"
1980,74,"Arif","Asiye"
1980,75,"Faruk","Necla"
1980,76,"Deniz","Nurgül"
1980,77,"Nihat","Gülten"
1980,78,"Özcan","Nihal"
1980,79,"Selim","Nurten"
1980,80,"Soner","Şenay"
1980,81,"Vedat","Zübeyde"
1980,82,"Emrah","Esma"
1980,83,"Cemil","Güler"
1980,84,"Şenol","Birgül"
1980,85,"Muharrem","Döndü"
1980,86,"İlker","Medine"
1980,87,"Abdurrahman","Keziban"
1980,88,"İrfan","Remziye"
1980,89,"Cemal","Yeter"
1980,90,"Suat","Perihan"
1980,91,"Turgay","Öznur"
1980,92,"Tarık","Hayriye"
1980,93,"Ekrem","Neşe"
1980,94,"Cem","Suna"
1980,95,"Oktay","Reyhan"
1980,96,"Erdem","Nermin"
1980,97,"Alper","Hava"
1980,98,"Taner","Nilüfer"
1980,99,"Çetin","Mine"
1980,100,"Umut","Saliha"
1981,1,"Mehmet","Fatma"
1981,2,"Mustafa","Ayşe"
1981,3,"Murat","Emine"
1981,4,"Ahmet","Hatice"
1981,5,"Ali","Zeynep"
1981,6,"Hüseyin","Özlem"
1981,7,"Hasan","Elif"
1981,8,"Fatih","Dilek"
1981,9,"Serkan","Yasemin"
1981,10,"İbrahim","Songül"
1981,11,"İsmail","Filiz"
1981,12,"Ramazan","Sibel"
1981,13,"Hakan","Derya"
1981,14,"Ömer","Meryem"
1981,15,"Adem","Hülya"
1981,16,"Osman","Arzu"
1981,17,"Kenan","Nurcan"
1981,18,"Yusuf","Leyla"
1981,19,"Erkan","Esra"
1981,20,"Abdullah","Selma"
1981,21,"Serdar","Hacer"
1981,22,"Halil","Pınar"
1981,23,"Gökhan","Çiğdem"
1981,24,"Süleyman","Sultan"
1981,25,"Orhan","Serpil"
1981,26,"Mahmut","Aynur"
1981,27,"Erhan","Melek"
1981,28,"Ercan","Zehra"
1981,29,"Metin","Neslihan"
1981,30,"Kadir","Sevgi"
1981,31,"Recep","Ayşegül"
1981,32,"Özgür","Serap"
1981,33,"Sinan","Aysel"
1981,34,"Engin","Semra"
1981,35,"Uğur","Fadime"
1981,36,"Mesut","Emel"
1981,37,"Volkan","Havva"
1981,38,"Yasin","Nuray"
1981,39,"Sedat","Meral"
1981,40,"Ayhan","Gülay"
1981,41,"Ümit","Sevda"
1981,42,"Bayram","Şerife"
1981,43,"Ferhat","Canan"
1981,44,"Erdal","Hanife"
1981,45,"Kemal","Gülcan"
1981,46,"Harun","Zeliha"
1981,47,"Salih","Sevim"
1981,48,"Aydın","Burcu"
1981,49,"Yılmaz","Ebru"
1981,50,"Emre","Yeliz"
1981,51,"İsa","İlknur"
1981,52,"Cengiz","Tuğba"
1981,53,"Barış","Halime"
1981,54,"Musa","Aysun"
1981,55,"Yunus","Sema"
1981,56,"Mehmet Ali","Ayten"
1981,57,"Özkan","Gönül"
1981,58,"Selçuk","Selda"
1981,59,"Erol","Rukiye"
1981,60,"Muhammet","Yıldız"
1981,61,"Onur","Tülay"
1981,62,"Yaşar","Cemile"
1981,63,"Ersin","Kadriye"
1981,64,"Yakup","Aslı"
1981,65,"Levent","Ayfer"
1981,66,"Tuncay","Şükran"
1981,67,"Bilal","Seher"
1981,68,"Bekir","Türkan"
1981,69,"Emrah","Mehtap"
1981,70,"Zafer","Zübeyde"
1981,71,"Ferdi","Gülsüm"
1981,72,"Soner","Gülşen"
1981,73,"Bülent","Asiye"
1981,74,"Özcan","Deniz"
1981,75,"Yavuz","Gülten"
1981,76,"Faruk","Nurgül"
1981,77,"Selim","Birgül"
1981,78,"Erdem","Esma"
1981,79,"Evren","Necla"
1981,80,"Nihat","Nurten"
1981,81,"İlhan","Şengül"
1981,82,"Arif","Medine"
1981,83,"Vedat","Nihal"
1981,84,"Cihan","Güler"
1981,85,"Abdurrahman","Tuba"
1981,86,"İlker","Öznur"
1981,87,"Suat","Neşe"
1981,88,"Taner","Keziban"
1981,89,"Turgay","Yeter"
1981,90,"İrfan","Remziye"
1981,91,"Serhat","Döndü"
1981,92,"Cemal","Perihan"
1981,93,"Şenol","Reyhan"
1981,94,"Ekrem","Seda"
1981,95,"Muharrem","Şenay"
1981,96,"Burhan","Sevil"
1981,97,"Cemil","Bahar"
1981,98,"Ufuk","Hayriye"
1981,99,"Çetin","Gülhan"
1981,100,"Deniz","Nesrin"
1982,1,"Mehmet","Fatma"
1982,2,"Mustafa","Ayşe"
1982,3,"Murat","Emine"
1982,4,"Ahmet","Hatice"
1982,5,"Ali","Özlem"
1982,6,"Hüseyin","Zeynep"
1982,7,"Fatih","Elif"
1982,8,"Hasan","Dilek"
1982,9,"İbrahim","Yasemin"
1982,10,"Serkan","Derya"
1982,11,"İsmail","Pınar"
1982,12,"Ramazan","Filiz"
1982,13,"Hakan","Songül"
1982,14,"Ömer","Meryem"
1982,15,"Osman","Hülya"
1982,16,"Adem","Sibel"
1982,17,"Gökhan","Esra"
1982,18,"Yusuf","Arzu"
1982,19,"Erkan","Çiğdem"
1982,20,"Kenan","Nurcan"
1982,21,"Abdullah","Leyla"
1982,22,"Serdar","Hacer"
1982,23,"Halil","Sultan"
1982,24,"Süleyman","Tuğba"
1982,25,"Orhan","Zehra"
1982,26,"Mahmut","Selma"
1982,27,"Ercan","Melek"
1982,28,"Recep","Semra"
1982,29,"Ümit","Serpil"
1982,30,"Kadir","Serap"
1982,31,"Engin","Aynur"
1982,32,"Sinan","Neslihan"
1982,33,"Erhan","Ayşegül"
1982,34,"Metin","Sevgi"
1982,35,"Yasin","Havva"
1982,36,"Uğur","Emel"
1982,37,"Volkan","Burcu"
1982,38,"Mesut","Nuray"
1982,39,"Özgür","Sevda"
1982,40,"Sedat","Aysel"
1982,41,"Ferhat","Meral"
1982,42,"Harun","Canan"
1982,43,"Selçuk","Fadime"
1982,44,"Emre","Ebru"
1982,45,"Bayram","Zeliha"
1982,46,"Salih","Gülay"
1982,47,"Onur","Şerife"
1982,48,"Kemal","İlknur"
1982,49,"Ayhan","Sema"
1982,50,"Erdal","Yeliz"
1982,51,"Yunus","Gülcan"
1982,52,"İsa","Rukiye"
1982,53,"Özkan","Hanife"
1982,54,"Ersin","Halime"
1982,55,"Musa","Sevim"
1982,56,"Aydın","Aysun"
1982,57,"Muhammet","Aslı"
1982,58,"Yılmaz","Kadriye"
1982,59,"Mehmet Ali","Tülay"
1982,60,"Emrah","Şükran"
1982,61,"Cengiz","Mehtap"
1982,62,"Barış","Ayten"
1982,63,"Yakup","Selda"
1982,64,"Yaşar","Yıldız"
1982,65,"Erol","Gönül"
1982,66,"Cihan","Deniz"
1982,67,"Bilal","Cemile"
1982,68,"Tuncay","Tuba"
1982,69,"Levent","Seher"
1982,70,"Bekir","Ayfer"
1982,71,"Erdem","Gülşen"
1982,72,"Zafer","Duygu"
1982,73,"Soner","Gülsüm"
1982,74,"Faruk","Esma"
1982,75,"Selim","Türkan"
1982,76,"Ferdi","Seda"
1982,77,"Ufuk","Zübeyde"
1982,78,"Serhat","Bahar"
1982,79,"İlhan","Öznur"
1982,80,"Özcan","Güler"
1982,81,"Arif","Nurgül"
1982,82,"Yavuz","Nurten"
1982,83,"Vedat","Asiye"
1982,84,"Abdurrahman","Necla"
1982,85,"Alper","Birgül"
1982,86,"İlker","Neşe"
1982,87,"Bülent","Medine"
1982,88,"Burhan","Şenay"
1982,89,"Ekrem","Nihal"
1982,90,"Muharrem","Nesrin"
1982,91,"Suat","Gülten"
1982,92,"Nihat","Rabia"
1982,93,"Cemil","Hilal"
1982,94,"İrfan","Reyhan"
1982,95,"Cemal","Şengül"
1982,96,"Taner","Keziban"
1982,97,"Veysel","Perihan"
1982,98,"Emin","Gülşah"
1982,99,"Turgay","Remziye"
1982,100,"Halil İbrahim","Sinem"
1983,1,"Mehmet","Fatma"
1983,2,"Mustafa","Ayşe"
1983,3,"Murat","Emine"
1983,4,"Ahmet","Hatice"
1983,5,"Ali","Zeynep"
1983,6,"Fatih","Özlem"
1983,7,"Hüseyin","Elif"
1983,8,"İbrahim","Dilek"
1983,9,"Hasan","Yasemin"
1983,10,"İsmail","Derya"
1983,11,"Ramazan","Esra"
1983,12,"Serkan","Songül"
1983,13,"Gökhan","Pınar"
1983,14,"Ömer","Tuğba"
1983,15,"Hakan","Meryem"
1983,16,"Osman","Filiz"
1983,17,"Adem","Hülya"
1983,18,"Yusuf","Sibel"
1983,19,"Abdullah","Çiğdem"
1983,20,"Erkan","Arzu"
1983,21,"Kenan","Leyla"
1983,22,"Sinan","Nurcan"
1983,23,"Halil","Zehra"
1983,24,"Serdar","Selma"
1983,25,"Selçuk","Hacer"
1983,26,"Süleyman","Melek"
1983,27,"Ümit","Sultan"
1983,28,"Orhan","Neslihan"
1983,29,"Yasin","Ayşegül"
1983,30,"Kadir","Semra"
1983,31,"Mahmut","Serpil"
1983,32,"Recep","Burcu"
1983,33,"Ercan","Emel"
1983,34,"Engin","Serap"
1983,35,"Onur","Ebru"
1983,36,"Metin","Sevgi"
1983,37,"Mesut","Havva"
1983,38,"Emre","Aynur"
1983,39,"Uğur","Canan"
1983,40,"Volkan","Fadime"
1983,41,"Ferhat","Nuray"
1983,42,"Sedat","İlknur"
1983,43,"Özgür","Aysel"
1983,44,"Erdal","Gülay"
1983,45,"Bayram","Zeliha"
1983,46,"Erhan","Şerife"
1983,47,"Harun","Sema"
1983,48,"Salih","Sevda"
1983,49,"Kemal","Seda"
1983,50,"Yunus","Tuba"
1983,51,"Ersin","Rukiye"
1983,52,"Özkan","Meral"
1983,53,"Ayhan","Gülcan"
1983,54,"İsa","Yeliz"
1983,55,"Muhammet","Hanife"
1983,56,"Emrah","Aslı"
1983,57,"Musa","Aysun"
1983,58,"Mehmet Ali","Mehtap"
1983,59,"Aydın","Sevim"
1983,60,"Soner","Halime"
1983,61,"Cihan","Gönül"
1983,62,"Yakup","Duygu"
1983,63,"Cengiz","Kadriye"
1983,64,"Barış","Selda"
1983,65,"Yılmaz","Gülsüm"
1983,66,"Yaşar","Seher"
1983,67,"Bilal","Şükran"
1983,68,"Erol","Tülay"
1983,69,"Bekir","Deniz"
1983,70,"Serhat","Gülşen"
1983,71,"Erdem","Esma"
1983,72,"Zafer","Yıldız"
1983,73,"Selim","Cemile"
1983,74,"Tuncay","Öznur"
1983,75,"Levent","Nurgül"
1983,76,"Arif","Bahar"
1983,77,"Faruk","Gülşah"
1983,78,"Özcan","Ayfer"
1983,79,"Ufuk","Ayten"
1983,80,"Caner","Sinem"
1983,81,"Ferdi","Şenay"
1983,82,"İlker","Nihal"
1983,83,"İlhan","Zübeyde"
1983,84,"Yavuz","Hilal"
1983,85,"Vedat","Medine"
1983,86,"Alper","Betül"
1983,87,"Taner","Eda"
1983,88,"Abdurrahman","Güler"
1983,89,"Bülent","Türkan"
1983,90,"Turgay","Neşe"
1983,91,"Ekrem","Asiye"
1983,92,"Burhan","Necla"
1983,93,"Halil İbrahim","Nesrin"
1983,94,"İrfan","Özge"
1983,95,"Muharrem","Demet"
1983,96,"Deniz","Rabia"
1983,97,"İlyas","Mine"
1983,98,"Cem","Nurten"
1983,99,"Cemil","Funda"
1983,100,"Cemal","Gülten"
1984,1,"Mehmet","Fatma"
1984,2,"Mustafa","Ayşe"
1984,3,"Murat","Emine"
1984,4,"Ahmet","Hatice"
1984,5,"Ali","Zeynep"
1984,6,"Fatih","Özlem"
1984,7,"İbrahim","Elif"
1984,8,"Hüseyin","Dilek"
1984,9,"Hasan","Yasemin"
1984,10,"İsmail","Derya"
1984,11,"Gökhan","Esra"
1984,12,"Ramazan","Pınar"
1984,13,"Serkan","Tuğba"
1984,14,"Ömer","Songül"
1984,15,"Hakan","Meryem"
1984,16,"Yusuf","Hülya"
1984,17,"Adem","Çiğdem"
1984,18,"Osman","Filiz"
1984,19,"Abdullah","Sibel"
1984,20,"Erkan","Arzu"
1984,21,"Emre","Leyla"
1984,22,"Halil","Melek"
1984,23,"Sinan","Semra"
1984,24,"Serdar","Zehra"
1984,25,"Yasin","Ayşegül"
1984,26,"Süleyman","Sultan"
1984,27,"Onur","Nurcan"
1984,28,"Kadir","Burcu"
1984,29,"Mahmut","Selma"
1984,30,"Ümit","Hacer"
1984,31,"Emrah","Neslihan"
1984,32,"Selçuk","Emel"
1984,33,"Recep","Serpil"
1984,34,"Ercan","Ebru"
1984,35,"Orhan","Serap"
1984,36,"Engin","Sevgi"
1984,37,"Erdal","Seda"
1984,38,"Kenan","Canan"
1984,39,"Mesut","Tuba"
1984,40,"Uğur","Aynur"
1984,41,"Sedat","Havva"
1984,42,"Metin","Sevda"
1984,43,"Ferhat","Aysel"
1984,44,"Yunus","Sema"
1984,45,"Volkan","İlknur"
1984,46,"Salih","Fadime"
1984,47,"Bayram","Şerife"
1984,48,"Harun","Zeliha"
1984,49,"Erhan","Nuray"
1984,50,"Özgür","Rukiye"
1984,51,"Kemal","Gülay"
1984,52,"Ersin","Meral"
1984,53,"Cihan","Halime"
1984,54,"Muhammet","Aslı"
1984,55,"Musa","Duygu"
1984,56,"İsa","Gülcan"
1984,57,"Ayhan","Hanife"
1984,58,"Özkan","Gülşah"
1984,59,"Mehmet Ali","Mehtap"
1984,60,"Yakup","Deniz"
1984,61,"Soner","Sevim"
1984,62,"Aydın","Bahar"
1984,63,"Bilal","Aysun"
1984,64,"Barış","Yeliz"
1984,65,"Tuncay","Gönül"
1984,66,"Zafer","Esma"
1984,67,"İlyas","Seher"
1984,68,"Yılmaz","Şükran"
1984,69,"Erol","Kadriye"
1984,70,"Erdem","Selda"
1984,71,"Serhat","Gülşen"
1984,72,"Cengiz","Sinem"
1984,73,"Yaşar","Gülsüm"
1984,74,"Samet","Tülay"
1984,75,"Selim","Ayten"
1984,76,"Bekir","Nurgül"
1984,77,"Faruk","Cemile"
1984,78,"Arif","Betül"
1984,79,"Ufuk","Yıldız"
1984,80,"Burak","Hilal"
1984,81,"Levent","Öznur"
1984,82,"İlhan","Eda"
1984,83,"Halil İbrahim","Ayfer"
1984,84,"Özcan","Nihal"
1984,85,"Deniz","Necla"
1984,86,"İlker","Türkan"
1984,87,"Alper","Medine"
1984,88,"Vedat","Özge"
1984,89,"Ferdi","Funda"
1984,90,"Şahin","Asiye"
1984,91,"Yavuz","Gamze"
1984,92,"Abdurrahman","Zübeyde"
1984,93,"Taner","Neşe"
1984,94,"Burhan","Demet"
1984,95,"Adnan","Nesrin"
1984,96,"İrfan","Mine"
1984,97,"Oktay","Rabia"
1984,98,"Emin","Reyhan"
1984,99,"Caner","Güler"
1984,100,"Ekrem","Perihan"
1985,1,"Mehmet","Fatma"
1985,2,"Mustafa","Ayşe"
1985,3,"Murat","Emine"
1985,4,"Ahmet","Hatice"
1985,5,"Ali","Zeynep"
1985,6,"Fatih","Özlem"
1985,7,"İbrahim","Elif"
1985,8,"Hüseyin","Dilek"
1985,9,"Hasan","Yasemin"
1985,10,"Gökhan","Pınar"
1985,11,"İsmail","Derya"
1985,12,"Ramazan","Tuğba"
1985,13,"Ömer","Esra"
1985,14,"Serkan","Songül"
1985,15,"Emrah","Meryem"
1985,16,"Hakan","Hülya"
1985,17,"Yusuf","Çiğdem"
1985,18,"Osman","Seda"
1985,19,"Adem","Filiz"
1985,20,"Abdullah","Melek"
1985,21,"Emre","Semra"
1985,22,"Erkan","Zehra"
1985,23,"Yasin","Leyla"
1985,24,"Halil","Burcu"
1985,25,"Sinan","Sibel"
1985,26,"Mahmut","Ayşegül"
1985,27,"Süleyman","Ebru"
1985,28,"Onur","Arzu"
1985,29,"Kadir","Hacer"
1985,30,"Recep","Sultan"
1985,31,"Serdar","Nurcan"
1985,32,"Selçuk","Selma"
1985,33,"Ümit","Duygu"
1985,34,"Yunus","Sevgi"
1985,35,"Mesut","Tuba"
1985,36,"Sedat","Sevda"
1985,37,"Uğur","Neslihan"
1985,38,"Erdal","Seval"
1985,39,"Metin","Havva"
1985,40,"Orhan","Serpil"
1985,41,"Volkan","Emel"
1985,42,"Ercan","Serap"
1985,43,"Engin","Canan"
1985,44,"Ferhat","Merve"
1985,45,"Erhan","Aynur"
1985,46,"Kenan","Fadime"
1985,47,"Bayram","Aysel"
1985,48,"Harun","Bahar"
1985,49,"Salih","Rukiye"
1985,50,"Muhammet","Şerife"
1985,51,"Kemal","Zeliha"
1985,52,"Cihan","İlknur"
1985,53,"Özgür","Sema"
1985,54,"Burak","Gülşah"
1985,55,"Ersin","Aslı"
1985,56,"Musa","Nuray"
1985,57,"İsa","Gülay"
1985,58,"Mehmet Ali","Mehtap"
1985,59,"Yakup","Hanife"
1985,60,"Özkan","Eda"
1985,61,"Barış","Esma"
1985,62,"Soner","Deniz"
1985,63,"Samet","Gülcan"
1985,64,"Bilal","Halime"
1985,65,"Ayhan","Funda"
1985,66,"Aydın","Sevim"
1985,67,"Tuncay","Gönül"
1985,68,"İlyas","Meral"
1985,69,"Ufuk","Gülsüm"
1985,70,"Serhat","Betül"
1985,71,"Erdem","Seher"
1985,72,"Yaşar","Aysun"
1985,73,"Halil İbrahim","Gamze"
1985,74,"Bekir","Şükran"
1985,75,"Yılmaz","Kadriye"
1985,76,"Cengiz","Yeliz"
1985,77,"Selim","Öznur"
1985,78,"Arif","Cemile"
1985,79,"Zafer","Gülşen"
1985,80,"Okan","Sinem"
1985,81,"Erol","Demet"
1985,82,"Faruk","Hilal"
1985,83,"Vedat","Nurgül"
1985,84,"Şahin","Selda"
1985,85,"Burhan","Yıldız"
1985,86,"Fırat","Rabia"
1985,87,"İlhan","Ayfer"
1985,88,"Levent","Sevcan"
1985,89,"Sercan","Tülay"
1985,90,"Yavuz","Özge"
1985,91,"Deniz","Nazlı"
1985,92,"Alper","Ayten"
1985,93,"Abdurrahman","Türkan"
1985,94,"Özcan","Zübeyde"
1985,95,"Veysel","Medine"
1985,96,"Yalçın","Necla"
1985,97,"Taner","Kübra"
1985,98,"Ferdi","Asiye"
1985,99,"Oktay","Perihan"
1985,100,"İlker","Nihal"
1986,1,"Mehmet","Fatma"
1986,2,"Mustafa","Ayşe"
1986,3,"Murat","Emine"
1986,4,"Ahmet","Hatice"
1986,5,"Ali","Zeynep"
1986,6,"Emrah","Özlem"
1986,7,"Fatih","Elif"
1986,8,"Hüseyin","Derya"
1986,9,"Gökhan","Yasemin"
1986,10,"İbrahim","Dilek"
1986,11,"Hasan","Tuğba"
1986,12,"İsmail","Esra"
1986,13,"Ramazan","Pınar"
1986,14,"Ömer","Hülya"
1986,15,"Serkan","Songül"
1986,16,"Yusuf","Meryem"
1986,17,"Hakan","Çiğdem"
1986,18,"Osman","Zehra"
1986,19,"Adem","Semra"
1986,20,"Emre","Ayşegül"
1986,21,"Abdullah","Merve"
1986,22,"Yasin","Melek"
1986,23,"Erkan","Ebru"
1986,24,"Halil","Seda"
1986,25,"Recep","Burcu"
1986,26,"Uğur","Tuba"
1986,27,"Onur","Leyla"
1986,28,"Sinan","Duygu"
1986,29,"Kadir","Filiz"
1986,30,"Yunus","Sibel"
1986,31,"Mahmut","Gamze"
1986,32,"Süleyman","Neslihan"
1986,33,"Serdar","Selma"
1986,34,"Ümit","Sultan"
1986,35,"Mesut","Sevgi"
1986,36,"Orhan","Hacer"
1986,37,"Burak","Sevda"
1986,38,"Erhan","Arzu"
1986,39,"Erdal","Nurcan"
1986,40,"Volkan","Havva"
1986,41,"Metin","Bahar"
1986,42,"Sedat","Canan"
1986,43,"Ferhat","Serap"
1986,44,"Ercan","Emel"
1986,45,"Selçuk","Aynur"
1986,46,"Salih","Aysel"
1986,47,"Engin","Serpil"
1986,48,"Bayram","Rukiye"
1986,49,"Kenan","Fadime"
1986,50,"Muhammet","Zeliha"
1986,51,"Cihan","Gülşah"
1986,52,"Harun","Sema"
1986,53,"Kemal","Eda"
1986,54,"Özgür","İlknur"
1986,55,"Ersin","Şerife"
1986,56,"Barış","Deniz"
1986,57,"Mehmet Ali","Gülcan"
1986,58,"Samet","Esma"
1986,59,"İsa","Halime"
1986,60,"Yakup","Mehtap"
1986,61,"Musa","Kübra"
1986,62,"Bilal","Betül"
1986,63,"Aydın","Gülsüm"
1986,64,"Özkan","Nuray"
1986,65,"Serhat","Seher"
1986,66,"Soner","Gülay"
1986,67,"Ayhan","Hilal"
1986,68,"Okan","Hanife"
1986,69,"Erdem","Aslı"
1986,70,"Bekir","Rabia"
1986,71,"Şahin","Sevim"
1986,72,"Ufuk","Özge"
1986,73,"Faruk","Aysun"
1986,74,"İlyas","Nazlı"
1986,75,"Halil İbrahim","Öznur"
1986,76,"Fırat","Seval"
1986,77,"Burhan","Kadriye"
1986,78,"Tuncay","Şükran"
1986,79,"Yılmaz","Sinem"
1986,80,"Yaşar","Meral"
1986,81,"Arif","Gülşen"
1986,82,"Zafer","Yeliz"
1986,83,"Selim","Nihal"
1986,84,"Cengiz","Gönül"
1986,85,"Erol","Funda"
1986,86,"Yavuz","Didem"
1986,87,"Vedat","Nurgül"
1986,88,"Sercan","Yıldız"
1986,89,"Abdurrahman","Cemile"
1986,90,"Deniz","Selda"
1986,91,"Muhammed","Demet"
1986,92,"Veysel","Tülay"
1986,93,"Alper","Ayfer"
1986,94,"İlhan","Ayten"
1986,95,"Ekrem","Zübeyde"
1986,96,"Taner","Medine"
1986,97,"Özcan","Meltem"
1986,98,"Muharrem","Türkan"
1986,99,"Emin","Kader"
1986,100,"Abdulkadir","Necla"
1987,1,"Mehmet","Fatma"
1987,2,"Mustafa","Ayşe"
1987,3,"Ahmet","Emine"
1987,4,"Murat","Hatice"
1987,5,"Emrah","Zeynep"
1987,6,"Ali","Elif"
1987,7,"Fatih","Özlem"
1987,8,"Gökhan","Tuğba"
1987,9,"Hüseyin","Esra"
1987,10,"İbrahim","Yasemin"
1987,11,"Hasan","Dilek"
1987,12,"İsmail","Derya"
1987,13,"Uğur","Hülya"
1987,14,"Ramazan","Pınar"
1987,15,"Ömer","Merve"
1987,16,"Yusuf","Semra"
1987,17,"Hakan","Songül"
1987,18,"Emre","Meryem"
1987,19,"Osman","Zehra"
1987,20,"Serkan","Çiğdem"
1987,21,"Adem","Ayşegül"
1987,22,"Abdullah","Tuba"
1987,23,"Yasin","Ebru"
1987,24,"Onur","Burcu"
1987,25,"Recep","Duygu"
1987,26,"Halil","Leyla"
1987,27,"Kadir","Seda"
1987,28,"Sinan","Melek"
1987,29,"Yunus","Gamze"
1987,30,"Serdar","Sevda"
1987,31,"Mahmut","Sibel"
1987,32,"Süleyman","Sevgi"
1987,33,"Erkan","Neslihan"
1987,34,"Burak","Sultan"
1987,35,"Ümit","Filiz"
1987,36,"Mesut","Hacer"
1987,37,"Orhan","Arzu"
1987,38,"Erhan","Kübra"
1987,39,"Volkan","Selma"
1987,40,"Metin","Aysel"
1987,41,"Samet","Nurcan"
1987,42,"Ercan","Canan"
1987,43,"Muhammet","Havva"
1987,44,"Erdal","Emel"
1987,45,"Sedat","Serap"
1987,46,"Ferhat","Özge"
1987,47,"Cihan","Bahar"
1987,48,"Salih","Gülşah"
1987,49,"Ersin","Eda"
1987,50,"Bayram","İlknur"
1987,51,"Harun","Serpil"
1987,52,"Kemal","Rukiye"
1987,53,"Barış","Betül"
1987,54,"Özgür","Sema"
1987,55,"Selçuk","Hilal"
1987,56,"Mehmet Ali","Esma"
1987,57,"Engin","Zeliha"
1987,58,"Kenan","Aynur"
1987,59,"Yakup","Deniz"
1987,60,"Bilal","Fadime"
1987,61,"Musa","Şerife"
1987,62,"İsa","Gülcan"
1987,63,"Serhat","Sinem"
1987,64,"Okan","Gülsüm"
1987,65,"Özkan","Mehtap"
1987,66,"Aydın","Seher"
1987,67,"Şahin","Halime"
1987,68,"Sercan","Aslı"
1987,69,"Ufuk","Aysun"
1987,70,"Erdem","Sevim"
1987,71,"Selim","Melike"
1987,72,"Faruk","Nuray"
1987,73,"Soner","Hanife"
1987,74,"Ayhan","Meral"
1987,75,"Bekir","Rabia"
1987,76,"Erol","Gülay"
1987,77,"Burhan","Nazlı"
1987,78,"Veysel","Tülay"
1987,79,"Muhammed","Şeyma"
1987,80,"Halil İbrahim","Öznur"
1987,81,"Zafer","Kadriye"
1987,82,"Yavuz","Ceylan"
1987,83,"Cengiz","Yeliz"
1987,84,"İlyas","Şükran"
1987,85,"Tuncay","Demet"
1987,86,"Arif","Gülşen"
1987,87,"Yaşar","Nihal"
1987,88,"Yılmaz","Yıldız"
1987,89,"Fırat","Pelin"
1987,90,"Vedat","Funda"
1987,91,"Abdurrahman","Nurgül"
1987,92,"Doğan","Gönül"
1987,93,"Abdulkadir","Meltem"
1987,94,"Taner","Kader"
1987,95,"Semih","Cemile"
1987,96,"Alper","Selda"
1987,97,"Deniz","Sevil"
1987,98,"İlhan","Ayfer"
1987,99,"Umut","Medine"
1987,100,"Savaş","Didem"
1988,1,"Mehmet","Fatma"
1988,2,"Mustafa","Ayşe"
1988,3,"Murat","Emine"
1988,4,"Ahmet","Hatice"
1988,5,"Ali","Özlem"
1988,6,"Emrah","Elif"
1988,7,"Fatih","Zeynep"
1988,8,"Gökhan","Esra"
1988,9,"İbrahim","Tuğba"
1988,10,"Hüseyin","Merve"
1988,11,"Hasan","Yasemin"
1988,12,"Uğur","Hülya"
1988,13,"İsmail","Dilek"
1988,14,"Ramazan","Semra"
1988,15,"Ömer","Derya"
1988,16,"Emre","Pınar"
1988,17,"Hakan","Ebru"
1988,18,"Yusuf","Songül"
1988,19,"Osman","Burcu"
1988,20,"Serkan","Duygu"
1988,21,"Samet","Meryem"
1988,22,"Adem","Aysel"
1988,23,"Abdullah","Zehra"
1988,24,"Onur","Ayşegül"
1988,25,"Burak","Çiğdem"
1988,26,"Yasin","Tuba"
1988,27,"Yunus","Seda"
1988,28,"Kadir","Leyla"
1988,29,"Sinan","Kübra"
1988,30,"Halil","Melek"
1988,31,"Recep","Gamze"
1988,32,"Mesut","Sibel"
1988,33,"Süleyman","Sevgi"
1988,34,"Orhan","Sevda"
1988,35,"Erhan","Neslihan"
1988,36,"Erkan","Sultan"
1988,37,"Mahmut","Canan"
1988,38,"Ümit","Filiz"
1988,39,"Serdar","Arzu"
1988,40,"Ercan","Hacer"
1988,41,"Muhammet","Betül"
1988,42,"Metin","Eda"
1988,43,"Volkan","Selma"
1988,44,"Ferhat","Serap"
1988,45,"Cihan","Özge"
1988,46,"Salih","Gizem"
1988,47,"Sedat","Nurcan"
1988,48,"Bayram","Havva"
1988,49,"Özgür","Emel"
1988,50,"Harun","İlknur"
1988,51,"Okan","Esma"
1988,52,"Ersin","Sema"
1988,53,"Erdal","Bahar"
1988,54,"Kemal","Hilal"
1988,55,"Yakup","Gözde"
1988,56,"Barış","Pelin"
1988,57,"Engin","Sinem"
1988,58,"Mehmet Ali","Zeliha"
1988,59,"Bilal","Aynur"
1988,60,"Sercan","Şerife"
1988,61,"Musa","Serpil"
1988,62,"Selçuk","Gülsüm"
1988,63,"Şahin","Rukiye"
1988,64,"Özkan","Deniz"
1988,65,"Semih","Fadime"
1988,66,"İsa","Seher"
1988,67,"Rıdvan","Gülşah"
1988,68,"Soner","Melike"
1988,69,"Serhat","Meltem"
1988,70,"Selim","Mehtap"
1988,71,"Faruk","Ceylan"
1988,72,"Kenan","Aysun"
1988,73,"Ufuk","Halime"
1988,74,"Erdem","Tuğçe"
1988,75,"Muhammed","Şeyma"
1988,76,"Bekir","Nazlı"
1988,77,"Burhan","Aslı"
1988,78,"Aydın","Sevil"
1988,79,"Ayhan","Gülcan"
1988,80,"Deniz","Büşra"
1988,81,"Veysel","Didem"
1988,82,"Tolga","Tülay"
1988,83,"Halil İbrahim","Sevim"
1988,84,"Fırat","Nuray"
1988,85,"Taner","Rabia"
1988,86,"İlyas","Gülay"
1988,87,"Aykut","Hanife"
1988,88,"Yılmaz","Cansu"
1988,89,"Erol","Meral"
1988,90,"Doğan","Demet"
1988,91,"Arif","Şükran"
1988,92,"Cengiz","Yeliz"
1988,93,"Eren","Öznur"
1988,94,"Tuncay","Funda"
1988,95,"Zafer","Kadriye"
1988,96,"Yaşar","Gülşen"
1988,97,"Abdurrahman","Cemile"
1988,98,"Umut","Yıldız"
1988,99,"Vedat","Nurgül"
1988,100,"Yavuz","Selda"
1989,1,"Mehmet","Fatma"
1989,2,"Mustafa","Ayşe"
1989,3,"Murat","Emine"
1989,4,"Ahmet","Hatice"
1989,5,"Ali","Özlem"
1989,6,"Gökhan","Elif"
1989,7,"Uğur","Esra"
1989,8,"Fatih","Merve"
1989,9,"İbrahim","Tuğba"
1989,10,"Hüseyin","Zeynep"
1989,11,"Hasan","Yasemin"
1989,12,"Emrah","Hülya"
1989,13,"Ömer","Burcu"
1989,14,"Emre","Dilek"
1989,15,"İsmail","Gamze"
1989,16,"Hakan","Derya"
1989,17,"Ramazan","Ebru"
1989,18,"Yusuf","Semra"
1989,19,"Osman","Pınar"
1989,20,"Burak","Kübra"
1989,21,"Onur","Sibel"
1989,22,"Serkan","Duygu"
1989,23,"Rıdvan","Songül"
1989,24,"Yunus","Meryem"
1989,25,"Abdullah","Zehra"
1989,26,"Adem","Tuba"
1989,27,"Yasin","Çiğdem"
1989,28,"Kadir","Ayşegül"
1989,29,"Recep","Leyla"
1989,30,"Halil","Seda"
1989,31,"Samet","Melek"
1989,32,"Sinan","Sevda"
1989,33,"Mesut","Aysel"
1989,34,"Aykut","Neslihan"
1989,35,"Muhammet","Tuğçe"
1989,36,"Süleyman","Cansu"
1989,37,"Erhan","Bahar"
1989,38,"Ercan","Büşra"
1989,39,"Mahmut","Canan"
1989,40,"Orhan","Sultan"
1989,41,"Ümit","Sevgi"
1989,42,"Semih","Sinem"
1989,43,"Erkan","Arzu"
1989,44,"Ferhat","Betül"
1989,45,"Metin","Gizem"
1989,46,"Serdar","Özge"
1989,47,"Volkan","Meltem"
1989,48,"Özgür","Serap"
1989,49,"Cihan","Hacer"
1989,50,"Salih","Hilal"
1989,51,"Harun","Filiz"
1989,52,"Engin","Eda"
1989,53,"Bayram","Esma"
1989,54,"Tolga","Gözde"
1989,55,"Oğuz","Emel"
1989,56,"Sedat","Sema"
1989,57,"Bilal","Havva"
1989,58,"Barış","Aysun"
1989,59,"Sercan","Nurcan"
1989,60,"Serhat","Melike"
1989,61,"Yakup","Selma"
1989,62,"Mehmet Ali","Aynur"
1989,63,"Kemal","Gülcan"
1989,64,"Ersin","İlknur"
1989,65,"Muhammed","Zeliha"
1989,66,"İsa","Rukiye"
1989,67,"Musa","Gülsüm"
1989,68,"Kenan","Mehtap"
1989,69,"Özkan","Seher"
1989,70,"Şahin","Ceylan"
1989,71,"Selçuk","Gülşah"
1989,72,"Ufuk","Şerife"
1989,73,"Soner","Deniz"
1989,74,"Erdal","Halime"
1989,75,"Selim","Aslı"
1989,76,"Okan","Ezgi"
1989,77,"Burhan","Şeyma"
1989,78,"Faruk","Fadime"
1989,79,"Erdem","Serpil"
1989,80,"Fırat","Nuray"
1989,81,"Deniz","Pelin"
1989,82,"Doğan","Öznur"
1989,83,"Bekir","Nazlı"
1989,84,"Ayhan","Rabia"
1989,85,"Yunus Emre","Şükran"
1989,86,"Halil İbrahim","Selin"
1989,87,"Eren","Hanife"
1989,88,"Aydın","Sevim"
1989,89,"Erdi","Demet"
1989,90,"Oğuzhan","Kader"
1989,91,"Umut","Yeliz"
1989,92,"Abdulkadir","Meral"
1989,93,"İlyas","Gülşen"
1989,94,"Caner","Selda"
1989,95,"Taner","Tülay"
1989,96,"Veysel","Kadriye"
1989,97,"Yılmaz","Funda"
1989,98,"Enes","Cemile"
1989,99,"Yavuz","Yeşim"
1989,100,"Mert","Gülay"
1990,1,"Mehmet","Fatma"
1990,2,"Mustafa","Merve"
1990,3,"Ahmet","Ayşe"
1990,4,"Murat","Elif"
1990,5,"Ali","Emine"
1990,6,"Gökhan","Esra"
1990,7,"İbrahim","Hatice"
1990,8,"Hüseyin","Özlem"
1990,9,"Emre","Tuğba"
1990,10,"Fatih","Zeynep"
1990,11,"Uğur","Yasemin"
1990,12,"Ömer","Kübra"
1990,13,"Hasan","Özge"
1990,14,"Hakan","Sibel"
1990,15,"İsmail","Dilek"
1990,16,"Ramazan","Gamze"
1990,17,"Emrah","Hülya"
1990,18,"Yusuf","Burcu"
1990,19,"Burak","Duygu"
1990,20,"Onur","Ebru"
1990,21,"Osman","Derya"
1990,22,"Yunus","Büşra"
1990,23,"Yasin","Pınar"
1990,24,"Abdullah","Semra"
1990,25,"Rıdvan","Songül"
1990,26,"Serkan","Seda"
1990,27,"Adem","Meryem"
1990,28,"Kadir","Ayşegül"
1990,29,"Recep","Zehra"
1990,30,"Halil","Leyla"
1990,31,"Mesut","Tuba"
1990,32,"Semih","Çiğdem"
1990,33,"Muhammet","Bahar"
1990,34,"Sinan","Melek"
1990,35,"Samet","Betül"
1990,36,"Ferhat","Gizem"
1990,37,"Mahmut","Cansu"
1990,38,"Süleyman","Tuğçe"
1990,39,"Orhan","Neslihan"
1990,40,"Ümit","Serap"
1990,41,"Sercan","Aysel"
1990,42,"Metin","Canan"
1990,43,"Aykut","Sevda"
1990,44,"Erhan","Sultan"
1990,45,"Engin","Meltem"
1990,46,"Erkan","Eda"
1990,47,"Ercan","Sinem"
1990,48,"Serhat","Sevgi"
1990,49,"Tolga","Hilal"
1990,50,"Barış","Arzu"
1990,51,"Volkan","Ezgi"
1990,52,"Serdar","Esma"
1990,53,"Harun","Hacer"
1990,54,"Bayram","Gözde"
1990,55,"Oğuz","Ceylan"
1990,56,"Bilal","Şeyma"
1990,57,"Salih","Melike"
1990,58,"Cihan","Filiz"
1990,59,"Muhammed","Havva"
1990,60,"Sedat","İlknur"
1990,61,"Yakup","Rukiye"
1990,62,"Özgür","Sema"
1990,63,"Mehmet Ali","Aysun"
1990,64,"Mert","Gülsüm"
1990,65,"Tayfun","Emel"
1990,66,"Musa","Nurcan"
1990,67,"Ersin","Mehtap"
1990,68,"Kemal","Şerife"
1990,69,"İsa","Selma"
1990,70,"Şahin","Zeliha"
1990,71,"Enes","Halime"
1990,72,"Oğuzhan","Seher"
1990,73,"Faruk","Damla"
1990,74,"Yunus Emre","Aynur"
1990,75,"Erdi","Deniz"
1990,76,"Özkan","Nuray"
1990,77,"Soner","Serpil"
1990,78,"Halil İbrahim","Selin"
1990,79,"Erdem","Fadime"
1990,80,"Umut","Gülcan"
1990,81,"Anıl","Demet"
1990,82,"Cem","Aslı"
1990,83,"Ufuk","Nazlı"
1990,84,"Kenan","Rabia"
1990,85,"Deniz","Kader"
1990,86,"Fırat","Yeşim"
1990,87,"Okan","Gülşah"
1990,88,"Caner","Şükran"
1990,89,"Burhan","Yağmur"
1990,90,"Eren","Funda"
1990,91,"Selim","Mine"
1990,92,"Bekir","Hanife"
1990,93,"Doğan","Öznur"
1990,94,"Abdulkadir","Sevim"
1990,95,"Veysel","Pelin"
1990,96,"Erdal","Kadriye"
1990,97,"Selçuk","Meral"
1990,98,"Ayhan","Gülay"
1990,99,"Sefa","Tülay"
1990,100,"Arif","Ceren"
1991,1,"Mehmet","Fatma"
1991,2,"Mustafa","Merve"
1991,3,"Ahmet","Ayşe"
1991,4,"Murat","Elif"
1991,5,"Ali","Esra"
1991,6,"Emre","Emine"
1991,7,"Hüseyin","Hatice"
1991,8,"İbrahim","Zeynep"
1991,9,"Gökhan","Kübra"
1991,10,"Fatih","Tuğba"
1991,11,"Ömer","Özlem"
1991,12,"Hasan","Gamze"
1991,13,"Uğur","Özge"
1991,14,"Ramazan","Büşra"
1991,15,"İsmail","Yasemin"
1991,16,"Hakan","Sibel"
1991,17,"Yusuf","Dilek"
1991,18,"Burak","Ebru"
1991,19,"Emrah","Burcu"
1991,20,"Onur","Hülya"
1991,21,"Barış","Leyla"
1991,22,"Yunus","Derya"
1991,23,"Osman","Pınar"
1991,24,"Mesut","Duygu"
1991,25,"Abdullah","Seda"
1991,26,"Yasin","Cansu"
1991,27,"Muhammet","Meryem"
1991,28,"Serkan","Ayşegül"
1991,29,"Kadir","Gizem"
1991,30,"Adem","Bahar"
1991,31,"Rıdvan","Songül"
1991,32,"Sercan","Betül"
1991,33,"Sinan","Tuba"
1991,34,"Samet","Semra"
1991,35,"Recep","Melek"
1991,36,"Halil","Zehra"
1991,37,"Ferhat","Çiğdem"
1991,38,"Mahmut","Tuğçe"
1991,39,"Ümit","Meltem"
1991,40,"Süleyman","Neslihan"
1991,41,"Semih","Sevda"
1991,42,"Tolga","Canan"
1991,43,"Muhammed","Eda"
1991,44,"Orhan","Hilal"
1991,45,"Metin","Serap"
1991,46,"Yunus Emre","Yeşim"
1991,47,"Oğuzhan","Ezgi"
1991,48,"Anıl","Sultan"
1991,49,"Erkan","Sevgi"
1991,50,"Harun","Esma"
1991,51,"Enes","Sinem"
1991,52,"Salih","Arzu"
1991,53,"Volkan","Şeyma"
1991,54,"Serdar","Rabia"
1991,55,"Ercan","Aysel"
1991,56,"Serhat","Melike"
1991,57,"Sedat","Gözde"
1991,58,"Bayram","Hacer"
1991,59,"Cihan","Aslı"
1991,60,"Erhan","Ceylan"
1991,61,"Özgür","Demet"
1991,62,"Aykut","İlknur"
1991,63,"Engin","Rukiye"
1991,64,"Bilal","Filiz"
1991,65,"Yakup","Havva"
1991,66,"Oğuz","Seher"
1991,67,"Savaş","Sema"
1991,68,"Mehmet Ali","Gülsüm"
1991,69,"Mert","Damla"
1991,70,"Faruk","Nurcan"
1991,71,"Tayfun","Aysun"
1991,72,"Furkan","Zeliha"
1991,73,"Fırat","Deniz"
1991,74,"Musa","Aynur"
1991,75,"Umut","Halime"
1991,76,"Kemal","Yağmur"
1991,77,"Ersin","Emel"
1991,78,"Soner","Şerife"
1991,79,"İsa","Selma"
1991,80,"Halil İbrahim","Fadime"
1991,81,"Ufuk","Sümeyye"
1991,82,"Özkan","Nuray"
1991,83,"Caner","Serpil"
1991,84,"Ömer Faruk","Selin"
1991,85,"Cem","Gülcan"
1991,86,"Eren","Mehtap"
1991,87,"Erdem","Öznur"
1991,88,"Şahin","Şükran"
1991,89,"Abdulkadir","Nazlı"
1991,90,"Okan","Kader"
1991,91,"Sezer","Gülşah"
1991,92,"Selim","Dilan"
1991,93,"Vedat","Mine"
1991,94,"Sefa","Hanife"
1991,95,"Doğan","Kadriye"
1991,96,"Burhan","Sevim"
1991,97,"Taner","Pelin"
1991,98,"Kenan","İpek"
1991,99,"Selçuk","Funda"
1991,100,"Ozan","Aylin"
1992,1,"Mehmet","Fatma"
1992,2,"Mustafa","Merve"
1992,3,"Ahmet","Elif"
1992,4,"Murat","Ayşe"
1992,5,"Ali","Esra"
1992,6,"Emre","Emine"
1992,7,"İbrahim","Hatice"
1992,8,"Hüseyin","Kübra"
1992,9,"Ömer","Zeynep"
1992,10,"Fatih","Büşra"
1992,11,"Hasan","Tuğba"
1992,12,"Ramazan","Özlem"
1992,13,"Gökhan","Gamze"
1992,14,"İsmail","Yasemin"
1992,15,"Burak","Özge"
1992,16,"Uğur","Sibel"
1992,17,"Yusuf","Seda"
1992,18,"Hakan","Leyla"
1992,19,"Onur","Burcu"
1992,20,"Emrah","Ebru"
1992,21,"Abdullah","Dilek"
1992,22,"Yunus","Gizem"
1992,23,"Osman","Hülya"
1992,24,"Yasin","Derya"
1992,25,"Mesut","Ayşegül"
1992,26,"Sinan","Meryem"
1992,27,"Kadir","Bahar"
1992,28,"Muhammet","Pınar"
1992,29,"Serkan","Duygu"
1992,30,"Adem","Betül"
1992,31,"Recep","Songül"
1992,32,"Samet","Tuğçe"
1992,33,"Oğuzhan","Cansu"
1992,34,"Ferhat","Tuba"
1992,35,"Muhammed","Melek"
1992,36,"Halil","Zehra"
1992,37,"Ümit","Semra"
1992,38,"Süleyman","Hilal"
1992,39,"Mahmut","Rabia"
1992,40,"Rıdvan","Çiğdem"
1992,41,"Tolga","Eda"
1992,42,"Okan","Sevda"
1992,43,"Orhan","Şeyma"
1992,44,"Enes","Neslihan"
1992,45,"Barış","Sultan"
1992,46,"Semih","Ezgi"
1992,47,"Serhat","Esma"
1992,48,"Harun","Canan"
1992,49,"Erkan","Meltem"
1992,50,"Aykut","Sümeyye"
1992,51,"Sercan","Ceylan"
1992,52,"Volkan","Melike"
1992,53,"Metin","Gözde"
1992,54,"Salih","Sevgi"
1992,55,"Mert","Sinem"
1992,56,"Furkan","Serap"
1992,57,"Bayram","Yeşim"
1992,58,"Bilal","Arzu"
1992,59,"Yunus Emre","Aslı"
1992,60,"Ercan","Aysel"
1992,61,"Serdar","İlknur"
1992,62,"Fırat","Hacer"
1992,63,"Sezer","Rukiye"
1992,64,"Yakup","Dilan"
1992,65,"Erhan","Sema"
1992,66,"Cihan","Havva"
1992,67,"Mehmet Ali","Damla"
1992,68,"Özgür","Demet"
1992,69,"Vedat","Filiz"
1992,70,"Engin","Seher"
1992,71,"Sedat","Gülsüm"
1992,72,"Ozan","Yağmur"
1992,73,"Faruk","Nurcan"
1992,74,"Umut","Aysun"
1992,75,"Anıl","Zeliha"
1992,76,"Oğuz","Halime"
1992,77,"Musa","Nazlı"
1992,78,"Kemal","Şerife"
1992,79,"Soner","Fadime"
1992,80,"Ömer Faruk","Aynur"
1992,81,"Şahin","Gülşah"
1992,82,"Sefa","Selma"
1992,83,"Halil İbrahim","Deniz"
1992,84,"Eren","Selin"
1992,85,"İsa","Berivan"
1992,86,"Caner","Gülcan"
1992,87,"Özkan","Kader"
1992,88,"Ersin","Nuray"
1992,89,"Tayfun","Emel"
1992,90,"Ufuk","Öznur"
1992,91,"Abdulkadir","Şükran"
1992,92,"Doğan","Aslıhan"
1992,93,"Erdem","Serpil"
1992,94,"Burhan","İpek"
1992,95,"Cem","Pelin"
1992,96,"Hamza","Aylin"
1992,97,"Tugay","Mehtap"
1992,98,"Bekir","Funda"
1992,99,"Veysel","Kadriye"
1992,100,"Deniz","Ayşenur"
1993,1,"Mehmet","Merve"
1993,2,"Mustafa","Fatma"
1993,3,"Ahmet","Elif"
1993,4,"Emre","Ayşe"
1993,5,"Murat","Büşra"
1993,6,"Ali","Kübra"
1993,7,"İbrahim","Esra"
1993,8,"Ömer","Emine"
1993,9,"Hüseyin","Zeynep"
1993,10,"Hasan","Hatice"
1993,11,"Fatih","Tuğba"
1993,12,"Ramazan","Ebru"
1993,13,"Burak","Özlem"
1993,14,"Hakan","Gamze"
1993,15,"İsmail","Gizem"
1993,16,"Yusuf","Yasemin"
1993,17,"Uğur","Özge"
1993,18,"Emrah","Seda"
1993,19,"Gökhan","Sibel"
1993,20,"Okan","Leyla"
1993,21,"Onur","Burcu"
1993,22,"Abdullah","Dilek"
1993,23,"Yunus","Bahar"
1993,24,"Yasin","Derya"
1993,25,"Osman","Betül"
1993,26,"Sinan","Ayşegül"
1993,27,"Muhammet","Meryem"
1993,28,"Muhammed","Pınar"
1993,29,"Oğuzhan","Hülya"
1993,30,"Kadir","Songül"
1993,31,"Adem","Cansu"
1993,32,"Ferhat","Tuğçe"
1993,33,"Serkan","Rabia"
1993,34,"Mesut","Hilal"
1993,35,"Recep","Duygu"
1993,36,"Samet","Tuba"
1993,37,"Mert","Zehra"
1993,38,"Halil","Melek"
1993,39,"Furkan","Eda"
1993,40,"Enes","Sümeyye"
1993,41,"Mahmut","Şeyma"
1993,42,"Barış","Neslihan"
1993,43,"Ümit","Çiğdem"
1993,44,"Orhan","Semra"
1993,45,"Süleyman","Melike"
1993,46,"Serhat","Ceylan"
1993,47,"Harun","Sultan"
1993,48,"Yunus Emre","Esma"
1993,49,"Aykut","Sevda"
1993,50,"Tolga","Sinem"
1993,51,"Rıdvan","Gözde"
1993,52,"Vedat","Ezgi"
1993,53,"Ozan","Dilan"
1993,54,"Bilal","Sevgi"
1993,55,"Salih","Canan"
1993,56,"Erkan","Meltem"
1993,57,"Tayfun","Arzu"
1993,58,"Volkan","İlknur"
1993,59,"Bayram","Seher"
1993,60,"Mehmet Ali","Aslı"
1993,61,"Metin","Hacer"
1993,62,"Semih","Sema"
1993,63,"Özgür","Serap"
1993,64,"Yakup","Rukiye"
1993,65,"Fırat","Havva"
1993,66,"Ercan","Damla"
1993,67,"Cihan","Filiz"
1993,68,"Serdar","Aysel"
1993,69,"Sercan","Zeliha"
1993,70,"Sedat","Yeşim"
1993,71,"Umut","Halime"
1993,72,"Sefa","Gülsüm"
1993,73,"Sezer","Fadime"
1993,74,"Erhan","Nazlı"
1993,75,"Faruk","Yağmur"
1993,76,"Ömer Faruk","Nurcan"
1993,77,"Musa","Aslıhan"
1993,78,"Halil İbrahim","Deniz"
1993,79,"Kemal","Aysun"
1993,80,"İsa","Şerife"
1993,81,"Soner","Gülşah"
1993,82,"Anıl","Kader"
1993,83,"Ferdi","Ayşenur"
1993,84,"Oğuz","Aynur"
1993,85,"Eren","Demet"
1993,86,"Ufuk","Gülcan"
1993,87,"Engin","Selma"
1993,88,"Abdulkadir","Berivan"
1993,89,"Caner","İpek"
1993,90,"Doğan","Öznur"
1993,91,"Şahin","Aylin"
1993,92,"Kaan","Selin"
1993,93,"Hamza","Tansu"
1993,94,"Tugay","Şükran"
1993,95,"Abdurrahman","Emel"
1993,96,"Özkan","Funda"
1993,97,"Burhan","Nuray"
1993,98,"Deniz","Şeyda"
1993,99,"Bekir","Hanife"
1993,100,"Arif","Mehtap"
1994,1,"Mehmet","Merve"
1994,2,"Mustafa","Büşra"
1994,3,"Emre","Fatma"
1994,4,"Ahmet","Kübra"
1994,5,"Burak","Elif"
1994,6,"Murat","Ayşe"
1994,7,"Ali","Esra"
1994,8,"Ömer","Zeynep"
1994,9,"İbrahim","Emine"
1994,10,"Hüseyin","Hatice"
1994,11,"Hasan","Ebru"
1994,12,"Fatih","Tuğba"
1994,13,"Ramazan","Gamze"
1994,14,"Yusuf","Özlem"
1994,15,"İsmail","Gizem"
1994,16,"Hakan","Seda"
1994,17,"Gökhan","Yasemin"
1994,18,"Emrah","Sibel"
1994,19,"Uğur","Betül"
1994,20,"Onur","Özge"
1994,21,"Yasin","Leyla"
1994,22,"Yunus","Tuğçe"
1994,23,"Abdullah","Ayşegül"
1994,24,"Mert","Rabia"
1994,25,"Muhammet","Dilek"
1994,26,"Furkan","Şeyma"
1994,27,"Osman","Cansu"
1994,28,"Muhammed","Derya"
1994,29,"Oğuzhan","Meryem"
1994,30,"Ferhat","Bahar"
1994,31,"Sinan","Burcu"
1994,32,"Enes","Sümeyye"
1994,33,"Kadir","Songül"
1994,34,"Okan","Hilal"
1994,35,"Serkan","Pınar"
1994,36,"Barış","Eda"
1994,37,"Adem","Duygu"
1994,38,"Recep","Melike"
1994,39,"Yunus Emre","Melek"
1994,40,"Halil","Ceylan"
1994,41,"Samet","Hülya"
1994,42,"Serhat","Zehra"
1994,43,"Mahmut","Tuba"
1994,44,"Süleyman","Sevgi"
1994,45,"Orhan","Dilan"
1994,46,"Mesut","Neslihan"
1994,47,"Ümit","Esma"
1994,48,"Harun","Sinem"
1994,49,"Salih","Sevda"
1994,50,"Yakup","Sultan"
1994,51,"Bilal","Çiğdem"
1994,52,"Mehmet Ali","Ezgi"
1994,53,"Ömer Faruk","Ayşenur"
1994,54,"Fırat","Seher"
1994,55,"Bayram","Gözde"
1994,56,"Umut","Semra"
1994,57,"Tolga","İlknur"
1994,58,"Sefa","Canan"
1994,59,"Özgür","Meltem"
1994,60,"Vedat","Aslı"
1994,61,"Sedat","Deniz"
1994,62,"Rıdvan","Arzu"
1994,63,"Volkan","Sema"
1994,64,"Ozan","Gülşah"
1994,65,"Erkan","Yağmur"
1994,66,"Metin","Hacer"
1994,67,"Halil İbrahim","Kader"
1994,68,"Cihan","Rukiye"
1994,69,"Abdulkadir","Damla"
1994,70,"Aykut","Havva"
1994,71,"Ercan","Nazlı"
1994,72,"Serdar","Selin"
1994,73,"Ferdi","Buse"
1994,74,"Sezer","Zeliha"
1994,75,"Anıl","Şerife"
1994,76,"Musa","Gülcan"
1994,77,"Kemal","Yeşim"
1994,78,"Faruk","Serap"
1994,79,"Semih","Gülsüm"
1994,80,"Tugay","Halime"
1994,81,"Hamza","Aysel"
1994,82,"Sercan","İpek"
1994,83,"Eren","Fadime"
1994,84,"Soner","Öznur"
1994,85,"Erhan","Filiz"
1994,86,"İsa","Aynur"
1994,87,"Oğuz","Nurcan"
1994,88,"Doğan","Aslıhan"
1994,89,"Şahin","Şeyda"
1994,90,"Caner","İrem"
1994,91,"Burhan","Demet"
1994,92,"Ufuk","Aylin"
1994,93,"Engin","Dilara"
1994,94,"Tayfun","Aysun"
1994,95,"Bekir","Selma"
1994,96,"Batuhan","Çağla"
1994,97,"İbrahim Halil","Şükran"
1994,98,"Veysel","Tansu"
1994,99,"Özkan","Medine"
1994,100,"Abdurrahman","Mihriban"
1995,1,"Mehmet","Merve"
1995,2,"Mustafa","Büşra"
1995,3,"Emre","Fatma"
1995,4,"Ahmet","Kübra"
1995,5,"Burak","Elif"
1995,6,"Ali","Ayşe"
1995,7,"Murat","Esra"
1995,8,"Ömer","Zeynep"
1995,9,"İbrahim","Emine"
1995,10,"Hüseyin","Hatice"
1995,11,"Hasan","Ebru"
1995,12,"Ramazan","Gamze"
1995,13,"Yusuf","Tuğba"
1995,14,"Fatih","Rabia"
1995,15,"Furkan","Tuğçe"
1995,16,"İsmail","Özlem"
1995,17,"Hakan","Gizem"
1995,18,"Mert","Seda"
1995,19,"Oğuzhan","Betül"
1995,20,"Muhammed","Yasemin"
1995,21,"Abdullah","Şeyma"
1995,22,"Yasin","Hilal"
1995,23,"Onur","Sibel"
1995,24,"Gökhan","Sümeyye"
1995,25,"Enes","Cansu"
1995,26,"Osman","Melike"
1995,27,"Muhammet","Meryem"
1995,28,"Yunus","Ayşegül"
1995,29,"Emrah","Bahar"
1995,30,"Uğur","Derya"
1995,31,"Kadir","Özge"
1995,32,"Ferhat","Pınar"
1995,33,"Serkan","Leyla"
1995,34,"Sinan","Songül"
1995,35,"Yunus Emre","Eda"
1995,36,"Recep","Dilek"
1995,37,"Samet","Burcu"
1995,38,"Barış","Melek"
1995,39,"Adem","Ceylan"
1995,40,"Halil","Kader"
1995,41,"Serhat","Zehra"
1995,42,"Mahmut","Duygu"
1995,43,"Okan","İrem"
1995,44,"Süleyman","Tuba"
1995,45,"Orhan","Ayşenur"
1995,46,"Ömer Faruk","Neslihan"
1995,47,"Umut","Seher"
1995,48,"Harun","Hülya"
1995,49,"Ümit","Dilan"
1995,50,"Mehmet Ali","Sultan"
1995,51,"Fırat","Ezgi"
1995,52,"Salih","Esma"
1995,53,"Batuhan","Sevgi"
1995,54,"Bilal","Sinem"
1995,55,"Mesut","Sevda"
1995,56,"Bayram","Aslı"
1995,57,"Yakup","Buse"
1995,58,"Abdulkadir","Çiğdem"
1995,59,"Sefa","Yağmur"
1995,60,"Halil İbrahim","İlknur"
1995,61,"Sedat","Deniz"
1995,62,"Ferdi","Gülşah"
1995,63,"Özgür","Gözde"
1995,64,"Metin","Canan"
1995,65,"Volkan","Damla"
1995,66,"Serdar","Selin"
1995,67,"Vedat","Arzu"
1995,68,"Musa","Rukiye"
1995,69,"Ozan","Hacer"
1995,70,"Erkan","Sema"
1995,71,"Rıdvan","Dilara"
1995,72,"Ercan","İpek"
1995,73,"Eren","Gülcan"
1995,74,"Tolga","Semra"
1995,75,"Semih","Nazlı"
1995,76,"Hamza","Meltem"
1995,77,"Sezer","Beyza"
1995,78,"Aykut","Halime"
1995,79,"Doğan","Havva"
1995,80,"Kemal","Gülsüm"
1995,81,"Cihan","Zeliha"
1995,82,"Şahin","Fadime"
1995,83,"Soner","Sena"
1995,84,"Oğuz","Serap"
1995,85,"Faruk","Ceren"
1995,86,"Mücahit","Öznur"
1995,87,"İsa","Aysel"
1995,88,"Veysel","Şerife"
1995,89,"Sercan","Aynur"
1995,90,"Burhan","Demet"
1995,91,"Nurullah","Berna"
1995,92,"Ufuk","Nurcan"
1995,93,"Anıl","Ayşe Nur"
1995,94,"İbrahim Halil","Aslıhan"
1995,95,"Erhan","Mihriban"
1995,96,"Mehmet Emin","Yeşim"
1995,97,"Caner","Şeyda"
1995,98,"Zafer","Filiz"
1995,99,"Bekir","Selma"
1995,100,"Abdurrahman","Aysun"
1996,1,"Mehmet","Merve"
1996,2,"Mustafa","Büşra"
1996,3,"Ahmet","Fatma"
1996,4,"Emre","Kübra"
1996,5,"Ali","Elif"
1996,6,"Furkan","Esra"
1996,7,"Burak","Ayşe"
1996,8,"Murat","Zeynep"
1996,9,"İbrahim","Emine"
1996,10,"Ömer","Hatice"
1996,11,"Hüseyin","Ebru"
1996,12,"Hasan","Gamze"
1996,13,"Yusuf","Tuğba"
1996,14,"Ramazan","Rabia"
1996,15,"Fatih","Gizem"
1996,16,"İsmail","Tuğçe"
1996,17,"Enes","Betül"
1996,18,"Muhammed","Özlem"
1996,19,"Oğuzhan","Hilal"
1996,20,"Hakan","Seda"
1996,21,"Abdullah","Şeyma"
1996,22,"Onur","Melike"
1996,23,"Mert","Yasemin"
1996,24,"Yasin","Sümeyye"
1996,25,"Muhammet","İrem"
1996,26,"Osman","Kader"
1996,27,"Yunus","Meryem"
1996,28,"Serkan","Sibel"
1996,29,"Gökhan","Ayşegül"
1996,30,"Kadir","Bahar"
1996,31,"Ferhat","Pınar"
1996,32,"Uğur","Özge"
1996,33,"Emrah","Songül"
1996,34,"Yunus Emre","Derya"
1996,35,"Samet","Ayşenur"
1996,36,"Halil","Cansu"
1996,37,"Adem","Eda"
1996,38,"Recep","Burcu"
1996,39,"Serhat","Dilek"
1996,40,"Sinan","Leyla"
1996,41,"Barış","Zehra"
1996,42,"Süleyman","Melek"
1996,43,"Mahmut","Seher"
1996,44,"Ömer Faruk","Esma"
1996,45,"Batuhan","Dilan"
1996,46,"Umut","Ezgi"
1996,47,"Fırat","Buse"
1996,48,"Mücahit","Duygu"
1996,49,"Mehmet Ali","Tuba"
1996,50,"Ümit","Ceylan"
1996,51,"Okan","Sultan"
1996,52,"Abdulkadir","Sinem"
1996,53,"Harun","Neslihan"
1996,54,"Orhan","Beyza"
1996,55,"Halil İbrahim","Dilara"
1996,56,"Yakup","Sevgi"
1996,57,"Musa","Yağmur"
1996,58,"Salih","Sevda"
1996,59,"Bayram","Hülya"
1996,60,"Sefa","Sena"
1996,61,"Bilal","Damla"
1996,62,"Ferdi","İlknur"
1996,63,"Sedat","Berna"
1996,64,"Erkan","Deniz"
1996,65,"Mesut","Rukiye"
1996,66,"Özgür","Sema"
1996,67,"Eren","Canan"
1996,68,"Metin","Selin"
1996,69,"Ozan","Çiğdem"
1996,70,"Vedat","Ceren"
1996,71,"Volkan","Hacer"
1996,72,"Tolga","Aslı"
1996,73,"Semih","Arzu"
1996,74,"Serdar","Meltem"
1996,75,"Doğan","Gülcan"
1996,76,"Hamza","Havva"
1996,77,"Berkay","İpek"
1996,78,"Faruk","Gözde"
1996,79,"Ufuk","Gülsüm"
1996,80,"Kemal","Zeliha"
1996,81,"Anıl","Gülşah"
1996,82,"İsa","Halime"
1996,83,"Şahin","Fadime"
1996,84,"Rıdvan","Ayşe Nur"
1996,85,"Cihan","Nazlı"
1996,86,"Ercan","Öznur"
1996,87,"Veysel","Şerife"
1996,88,"İbrahim Halil","Serap"
1996,89,"Sezer","Aynur"
1996,90,"Tayfun","Şule"
1996,91,"Ertuğrul","Fatma Nur"
1996,92,"Aykut","Rumeysa"
1996,93,"Mehmet Emin","Semra"
1996,94,"Deniz","Şeyda"
1996,95,"Abdurrahman","Aysel"
1996,96,"Oğuz","Nurcan"
1996,97,"Nurullah","Filiz"
1996,98,"Burhan","Kevser"
1996,99,"Soner","Mihriban"
1996,100,"Caner","Funda"
1997,1,"Mehmet","Merve"
1997,2,"Mustafa","Büşra"
1997,3,"Ahmet","Fatma"
1997,4,"Onur","Elif"
1997,5,"Furkan","Kübra"
1997,6,"Emre","Esra"
1997,7,"Ali","Zeynep"
1997,8,"İbrahim","Ayşe"
1997,9,"Murat","Emine"
1997,10,"Ömer","Hatice"
1997,11,"Yusuf","Gamze"
1997,12,"Burak","Ebru"
1997,13,"Hüseyin","Kader"
1997,14,"Hasan","Rabia"
1997,15,"Fatih","Tuğba"
1997,16,"Ramazan","Gizem"
1997,17,"Enes","Betül"
1997,18,"İsmail","Hilal"
1997,19,"Muhammed","Tuğçe"
1997,20,"Oğuzhan","İrem"
1997,21,"Mert","Seda"
1997,22,"Abdullah","Özlem"
1997,23,"Hakan","Yasemin"
1997,24,"Yasin","Melike"
1997,25,"Muhammet","Şeyma"
1997,26,"Osman","Meryem"
1997,27,"Fırat","Sümeyye"
1997,28,"Yunus","Ayşenur"
1997,29,"Kadir","Cansu"
1997,30,"Ferhat","Pınar"
1997,31,"Serkan","Ayşegül"
1997,32,"Batuhan","Zehra"
1997,33,"Yunus Emre","Bahar"
1997,34,"Samet","Özge"
1997,35,"Uğur","Sibel"
1997,36,"Emrah","Derya"
1997,37,"Gökhan","Eda"
1997,38,"Halil","Buse"
1997,39,"Adem","Songül"
1997,40,"Umut","Dilan"
1997,41,"Süleyman","Seher"
1997,42,"Mahmut","Beyza"
1997,43,"Serhat","Burcu"
1997,44,"Recep","Dilek"
1997,45,"Ömer Faruk","Dilara"
1997,46,"Barış","Melek"
1997,47,"Sinan","Ezgi"
1997,48,"Halil İbrahim","Esma"
1997,49,"Mehmet Ali","Leyla"
1997,50,"Mücahit","Duygu"
1997,51,"Abdulkadir","Yağmur"
1997,52,"Yakup","Tuba"
1997,53,"Berkay","Sinem"
1997,54,"Salih","Sultan"
1997,55,"Musa","Neslihan"
1997,56,"Ümit","Sena"
1997,57,"Harun","Sevgi"
1997,58,"Sefa","Sevda"
1997,59,"Bilal","Ceylan"
1997,60,"Orhan","İlknur"
1997,61,"Eren","Damla"
1997,62,"Bayram","Aslı"
1997,63,"Volkan","Ceren"
1997,64,"Sedat","Aleyna"
1997,65,"Oktay","İpek"
1997,66,"Özgür","Deniz"
1997,67,"Okan","Selin"
1997,68,"Erkan","Hülya"
1997,69,"Ferdi","Ayşe Nur"
1997,70,"Vedat","Rukiye"
1997,71,"Serdar","Fatma Nur"
1997,72,"Metin","Sema"
1997,73,"Semih","Hacer"
1997,74,"Tolga","Zeliha"
1997,75,"Doğan","Arzu"
1997,76,"Anıl","Fadime"
1997,77,"Hamza","Çiğdem"
1997,78,"İbrahim Halil","Edanur"
1997,79,"Kemal","Havva"
1997,80,"Doğukan","Berna"
1997,81,"İsa","Canan"
1997,82,"Alperen","Gülsüm"
1997,83,"Ozan","Gülcan"
1997,84,"Veysel","Mine"
1997,85,"Nurullah","İlayda"
1997,86,"Mesut","Nazlı"
1997,87,"Mehmet Emin","Şule"
1997,88,"Faruk","Şerife"
1997,89,"Şahin","Halime"
1997,90,"Kaan","Meltem"
1997,91,"Rıdvan","Aynur"
1997,92,"Deniz","Gözde"
1997,93,"Cihan","Öznur"
1997,94,"Abdurrahman","Rumeysa"
1997,95,"Berk","Rümeysa"
1997,96,"Ertuğrul","Sedanur"
1997,97,"Ercan","Nurcan"
1997,98,"Alper","Gülşah"
1997,99,"Bekir","Semra"
1997,100,"Özcan","Serap"
1998,1,"Mehmet","Merve"
1998,2,"Mustafa","Büşra"
1998,3,"Ahmet","Fatma"
1998,4,"Furkan","Zeynep"
1998,5,"Onur","Elif"
1998,6,"Emre","Esra"
1998,7,"İbrahim","Kübra"
1998,8,"Ali","Ayşe"
1998,9,"Ömer","Emine"
1998,10,"Yusuf","Hatice"
1998,11,"Murat","Gamze"
1998,12,"Hüseyin","Zehra"
1998,13,"Hasan","Rabia"
1998,14,"Burak","İrem"
1998,15,"Ramazan","Gizem"
1998,16,"Fatih","Hilal"
1998,17,"Enes","Ebru"
1998,18,"İsmail","Kader"
1998,19,"Oğuzhan","Dilan"
1998,20,"Hakan","Tuğba"
1998,21,"Muhammed","Betül"
1998,22,"Mert","Melike"
1998,23,"Abdullah","Ayşenur"
1998,24,"Batuhan","Özlem"
1998,25,"Yasin","Aleyna"
1998,26,"Muhammet","Meryem"
1998,27,"Osman","Cansu"
1998,28,"Yunus Emre","Beyza"
1998,29,"Ferhat","Tuğçe"
1998,30,"Serkan","Şeyma"
1998,31,"Samet","Yasemin"
1998,32,"Kadir","Sibel"
1998,33,"Yunus","Eda"
1998,34,"Fırat","Ayşegül"
1998,35,"Berkay","Cansel"
1998,36,"Ömer Faruk","Sümeyye"
1998,37,"Halil","Derya"
1998,38,"Serhat","Dilara"
1998,39,"Uğur","Seher"
1998,40,"Umut","Buse"
1998,41,"Gökhan","Pınar"
1998,42,"Barış","Seda"
1998,43,"Halil İbrahim","Özge"
1998,44,"Süleyman","Bahar"
1998,45,"Adem","Songül"
1998,46,"Mahmut","Melek"
1998,47,"Mehmet Ali","Burcu"
1998,48,"Recep","Sinem"
1998,49,"Emrah","Dilek"
1998,50,"Abdulkadir","Ezgi"
1998,51,"Sinan","Ceren"
1998,52,"Can","Aslı"
1998,53,"Yakup","Esma"
1998,54,"Bilal","Sena"
1998,55,"Salih","Sultan"
1998,56,"Harun","Yağmur"
1998,57,"Eren","Duygu"
1998,58,"Musa","Leyla"
1998,59,"Doğukan","Sevgi"
1998,60,"Oktay","Damla"
1998,61,"Alperen","Melisa"
1998,62,"Ümit","Neslihan"
1998,63,"Sefa","İlknur"
1998,64,"Sedat","Ayşe Nur"
1998,65,"Mücahit","Edanur"
1998,66,"Okan","Sevda"
1998,67,"Özgür","İpek"
1998,68,"Serdar","Şule"
1998,69,"Erkan","Tuba"
1998,70,"Bayram","Fatma Nur"
1998,71,"Orhan","İlayda"
1998,72,"Doğan","Ceylan"
1998,73,"Vedat","Deniz"
1998,74,"Deniz","Yaren"
1998,75,"Tolga","Arzu"
1998,76,"Görkem","Selin"
1998,77,"Özcan","Berfin"
1998,78,"Hamza","Simge"
1998,79,"Volkan","Sema"
1998,80,"Semih","Zeliha"
1998,81,"Kerem","Hacer"
1998,82,"Kaan","Rukiye"
1998,83,"Kemal","Mine"
1998,84,"Metin","Fadime"
1998,85,"Anıl","Berna"
1998,86,"İbrahim Halil","Beyzanur"
1998,87,"Mehmet Can","Hülya"
1998,88,"İsa","Halime"
1998,89,"Mehmet Emin","Gülcan"
1998,90,"Alper","Canan"
1998,91,"Ozan","Sedef"
1998,92,"Veysel","Gülsüm"
1998,93,"Emirhan","Buket"
1998,94,"Faruk","Rumeysa"
1998,95,"Nurullah","Rümeysa"
1998,96,"Atakan","Nazlı"
1998,97,"Berat","Öznur"
1998,98,"Ferdi","Havva"
1998,99,"Melih","Beyza Nur"
1998,100,"Caner","Şerife"
1999,1,"Mehmet","Merve"
1999,2,"Mustafa","Zeynep"
1999,3,"Ahmet","Fatma"
1999,4,"Furkan","Büşra"
1999,5,"Emre","Elif"
1999,6,"Yusuf","Esra"
1999,7,"Ali","Kübra"
1999,8,"İbrahim","Ayşe"
1999,9,"Ömer","Emine"
1999,10,"Murat","Hatice"
1999,11,"Burak","Rabia"
1999,12,"Hüseyin","İrem"
1999,13,"Hasan","Gamze"
1999,14,"Onur","Zehra"
1999,15,"Ramazan","Gizem"
1999,16,"Batuhan","Beyza"
1999,17,"Enes","Hilal"
1999,18,"Mert","Kader"
1999,19,"Oğuzhan","Aleyna"
1999,20,"Fatih","Ebru"
1999,21,"İsmail","Özlem"
1999,22,"Abdullah","Melike"
1999,23,"Muhammed","Dilan"
1999,24,"Hakan","Betül"
1999,25,"Doğukan","Tuğçe"
1999,26,"Yasin","Tuğba"
1999,27,"Barış","Ayşenur"
1999,28,"Muhammet","Meryem"
1999,29,"Kadir","Eda"
1999,30,"Yunus Emre","Dilara"
1999,31,"Osman","Buse"
1999,32,"Serkan","Yasemin"
1999,33,"Ferhat","Cansu"
1999,34,"Samet","Ayşegül"
1999,35,"Yunus","Melisa"
1999,36,"Umut","Sümeyye"
1999,37,"Ömer Faruk","Derya"
1999,38,"Berkay","Özge"
1999,39,"Serhat","Pınar"
1999,40,"Fırat","Seher"
1999,41,"Halil","Şeyma"
1999,42,"Uğur","Bahar"
1999,43,"Süleyman","Ceren"
1999,44,"Adem","Songül"
1999,45,"Mehmet Ali","Sibel"
1999,46,"Recep","İlayda"
1999,47,"Mahmut","Melek"
1999,48,"Halil İbrahim","Dilek"
1999,49,"Abdulkadir","Yağmur"
1999,50,"Gökhan","Sena"
1999,51,"Yakup","Edanur"
1999,52,"Sinan","Esma"
1999,53,"Okan","Sinem"
1999,54,"Emrah","Seda"
1999,55,"Bilal","Sultan"
1999,56,"Salih","Burcu"
1999,57,"Alperen","Ezgi"
1999,58,"Sefa","Ece"
1999,59,"Musa","Duygu"
1999,60,"Eren","Sevgi"
1999,61,"Harun","Leyla"
1999,62,"Ümit","Yaren"
1999,63,"Görkem","Beyzanur"
1999,64,"Oktay","Fatma Nur"
1999,65,"Özgür","Sevda"
1999,66,"Emirhan","Ayşe Nur"
1999,67,"Bayram","Damla"
1999,68,"Berat","Berfin"
1999,69,"Can","Beyza Nur"
1999,70,"Mücahit","Cansel"
1999,71,"Erkan","Neslihan"
1999,72,"Kaan","Aslı"
1999,73,"Tolga","İlknur"
1999,74,"Sedat","Selin"
1999,75,"İbrahim Halil","Tuba"
1999,76,"Serdar","Arzu"
1999,77,"Hamza","Şule"
1999,78,"Atakan","Zeliha"
1999,79,"Vedat","Sema"
1999,80,"Doğan","Ceylan"
1999,81,"Özcan","Simge"
1999,82,"Kerem","Rumeysa"
1999,83,"Mertcan","Sedef"
1999,84,"Orhan","Şevval"
1999,85,"Deniz","İpek"
1999,86,"Alper","Nazlı"
1999,87,"İsa","Rümeysa"
1999,88,"Mehmet Emin","Hacer"
1999,89,"Nurullah","Rukiye"
1999,90,"Kemal","Deniz"
1999,91,"Veysel","Gülcan"
1999,92,"Metin","Semanur"
1999,93,"Mehmet Can","Çiğdem"
1999,94,"Semih","Halime"
1999,95,"Cihan","Mine"
1999,96,"Faruk","Berna"
1999,97,"Anıl","Ceyda"
1999,98,"Ozan","Hülya"
1999,99,"Volkan","Öznur"
1999,100,"Caner","Fadime"
2000,1,"Mehmet","Zeynep"
2000,2,"Mustafa","Merve"
2000,3,"Ahmet","Fatma"
2000,4,"Yusuf","Elif"
2000,5,"Emre","Büşra"
2000,6,"Furkan","Esra"
2000,7,"İbrahim","Ayşe"
2000,8,"Ali","Kübra"
2000,9,"Ömer","Emine"
2000,10,"Hüseyin","Hatice"
2000,11,"Murat","İrem"
2000,12,"Burak","Rabia"
2000,13,"Enes","Zehra"
2000,14,"Mert","Gamze"
2000,15,"Hasan","Aleyna"
2000,16,"Ramazan","Beyza"
2000,17,"Batuhan","Gizem"
2000,18,"İsmail","Melike"
2000,19,"Oğuzhan","Özlem"
2000,20,"Onur","Ebru"
2000,21,"Muhammed","Hilal"
2000,22,"Fatih","Melisa"
2000,23,"Abdullah","Betül"
2000,24,"Samet","Kader"
2000,25,"Yasin","Dilara"
2000,26,"Kadir","Ayşenur"
2000,27,"Doğukan","Tuğçe"
2000,28,"Hakan","Dilan"
2000,29,"Muhammet","Meryem"
2000,30,"Yunus Emre","Tuğba"
2000,31,"Serkan","Buse"
2000,32,"Emirhan","Ayşegül"
2000,33,"Osman","Şevval"
2000,34,"Ferhat","İlayda"
2000,35,"Umut","Derya"
2000,36,"Serhat","Cansu"
2000,37,"Ömer Faruk","Eda"
2000,38,"Barış","Edanur"
2000,39,"Berkay","Yasemin"
2000,40,"Yunus","Yağmur"
2000,41,"Mehmet Ali","Seher"
2000,42,"Halil","Özge"
2000,43,"Abdulkadir","Şeyma"
2000,44,"Süleyman","Sümeyye"
2000,45,"Adem","Berfin"
2000,46,"Fırat","Pınar"
2000,47,"Eren","Ceren"
2000,48,"Mahmut","Bahar"
2000,49,"Recep","Sena"
2000,50,"Uğur","Ece"
2000,51,"Halil İbrahim","Selin"
2000,52,"Yakup","Berivan"
2000,53,"Sinan","Songül"
2000,54,"Alperen","Esma"
2000,55,"Gökhan","Sibel"
2000,56,"Bilal","Melek"
2000,57,"Erkan","Semanur"
2000,58,"Harun","Sinem"
2000,59,"Kaan","Beyzanur"
2000,60,"Okan","Yaren"
2000,61,"Berat","Sultan"
2000,62,"Salih","Ezgi"
2000,63,"Musa","Dilek"
2000,64,"Ümit","Beyza Nur"
2000,65,"Bayram","Fatma Nur"
2000,66,"Sefa","Sedanur"
2000,67,"Özgür","Seda"
2000,68,"Emrah","Sevgi"
2000,69,"Kerem","Leyla"
2000,70,"Serdar","Damla"
2000,71,"Hamza","Duygu"
2000,72,"Tolga","Burcu"
2000,73,"İsa","Ayşe Nur"
2000,74,"Görkem","Neslihan"
2000,75,"Semih","İlknur"
2000,76,"Mehmet Emin","Rumeysa"
2000,77,"Sedat","Aslı"
2000,78,"Doğan","Arzu"
2000,79,"Baran","Sevda"
2000,80,"İbrahim Halil","Rümeysa"
2000,81,"Nurullah","Ceylan"
2000,82,"Veysel","Şule"
2000,83,"Kemal","Zeliha"
2000,84,"Deniz","Tuba"
2000,85,"Can","Sema"
2000,86,"Mertcan","Rukiye"
2000,87,"Mücahit","Deniz"
2000,88,"Orhan","Fatmanur"
2000,89,"Emir","Nazlı"
2000,90,"Alper","Hacer"
2000,91,"Metin","Gülsüm"
2000,92,"Mehmet Can","Sude"
2000,93,"Oktay","Gülcan"
2000,94,"Atakan","Berna"
2000,95,"Sezer","Kardelen"
2000,96,"Ozan","Simge"
2000,97,"Vedat","Öznur"
2000,98,"Bünyamin","Halime"
2000,99,"Özcan","Ceyda"
2000,100,"Tunahan","İpek"
2001,1,"Mehmet","Zeynep"
2001,2,"Mustafa","Merve"
2001,3,"Yusuf","Elif"
2001,4,"Ahmet","Fatma"
2001,5,"Emre","Esra"
2001,6,"Furkan","Büşra"
2001,7,"İbrahim","İrem"
2001,8,"Ali","Ayşe"
2001,9,"Ömer","Melike"
2001,10,"Hüseyin","Emine"
2001,11,"Enes","Rabia"
2001,12,"Eren","Hatice"
2001,13,"Emirhan","Kübra"
2001,14,"Murat","Beyza"
2001,15,"Hasan","Zehra"
2001,16,"Burak","Aleyna"
2001,17,"Mert","Dilara"
2001,18,"Ramazan","Gamze"
2001,19,"İsmail","Melisa"
2001,20,"Batuhan","Gizem"
2001,21,"Serhat","İlayda"
2001,22,"Muhammed","Buse"
2001,23,"Onur","Özlem"
2001,24,"Fatih","Betül"
2001,25,"Abdullah","Hilal"
2001,26,"Samet","Ayşenur"
2001,27,"Yunus Emre","Dilan"
2001,28,"Umut","Şevval"
2001,29,"Yasin","Ebru"
2001,30,"Kadir","Edanur"
2001,31,"Muhammet","Meryem"
2001,32,"Oğuzhan","Yağmur"
2001,33,"Ömer Faruk","Kader"
2001,34,"Serkan","Ayşegül"
2001,35,"Hakan","Derya"
2001,36,"Barış","Damla"
2001,37,"Osman","Tuğçe"
2001,38,"Berkay","Tuğba"
2001,39,"Doğukan","Semanur"
2001,40,"Ferhat","Cansu"
2001,41,"Eray","Ceren"
2001,42,"Mehmet Ali","Berfin"
2001,43,"Yunus","Beyzanur"
2001,44,"Halil","Eda"
2001,45,"Emircan","Sümeyye"
2001,46,"Emir","Melek"
2001,47,"Abdulkadir","Sude"
2001,48,"Adem","Yasemin"
2001,49,"Süleyman","Yaren"
2001,50,"Melih","Sena"
2001,51,"Uğur","Sinem"
2001,52,"Mahmut","Selin"
2001,53,"Recep","Seher"
2001,54,"Berat","Beyza Nur"
2001,55,"Fırat","Esma"
2001,56,"Sinan","Özge"
2001,57,"Harun","Aslı"
2001,58,"Alperen","Şeyma"
2001,59,"Yakup","Bahar"
2001,60,"Kaan","Duygu"
2001,61,"Halil İbrahim","Berivan"
2001,62,"Salih","Sedanur"
2001,63,"Bilal","Pınar"
2001,64,"Kerem","Fatma Nur"
2001,65,"Gökhan","Helin"
2001,66,"Semih","Songül"
2001,67,"Ümit","Sultan"
2001,68,"Okan","Ece"
2001,69,"Musa","Sibel"
2001,70,"Erkan","Ezgi"
2001,71,"Özgür","Sevgi"
2001,72,"Sefa","Dilek"
2001,73,"Hamza","Ayşe Nur"
2001,74,"Baran","Nurcan"
2001,75,"Mehmet Emin","İlknur"
2001,76,"Tolga","Rumeysa"
2001,77,"İsa","Rümeysa"
2001,78,"Alper","Burcu"
2001,79,"Doğan","Leyla"
2001,80,"Bayram","Nazlı"
2001,81,"Ozan","Çağla"
2001,82,"Sedat","Zeliha"
2001,83,"Diyar","Fatmanur"
2001,84,"Nurullah","Seda"
2001,85,"Serdar","Neslihan"
2001,86,"Can","Arzu"
2001,87,"Kemal","Sevda"
2001,88,"Görkem","Tuba"
2001,89,"Metehan","Gülcan"
2001,90,"Mehmet Can","Deniz"
2001,91,"Caner","Ceyda"
2001,92,"Erdem","Sema"
2001,93,"Arda","Sıla"
2001,94,"Emrah","Gülsüm"
2001,95,"İbrahim Halil","Rukiye"
2001,96,"Veysel","Şule"
2001,97,"Şahin","Nazlıcan"
2001,98,"Mertcan","Hacer"
2001,99,"Metin","Kardelen"
2001,100,"Deniz","Buket"
2002,1,"Mehmet","Zeynep"
2002,2,"Yusuf","Elif"
2002,3,"Mustafa","Merve"
2002,4,"Ahmet","İrem"
2002,5,"Furkan","Fatma"
2002,6,"Emre","Esra"
2002,7,"Ali","Ayşe"
2002,8,"Ömer","Emine"
2002,9,"İbrahim","Büşra"
2002,10,"Enes","Zehra"
2002,11,"Emirhan","Dilara"
2002,12,"Hüseyin","Hatice"
2002,13,"Umut","Rabia"
2002,14,"Hasan","Melike"
2002,15,"Eren","Beyza"
2002,16,"Murat","Aleyna"
2002,17,"Mert","Kübra"
2002,18,"Burak","İlayda"
2002,19,"Serhat","Yağmur"
2002,20,"İsmail","Gizem"
2002,21,"Batuhan","Melisa"
2002,22,"Ramazan","Buse"
2002,23,"Yunus Emre","Gamze"
2002,24,"Muhammed","Şevval"
2002,25,"Abdullah","Betül"
2002,26,"Samet","Ayşenur"
2002,27,"Yasin","Hilal"
2002,28,"Muhammet","Ayşegül"
2002,29,"Kadir","Özlem"
2002,30,"Barış","Ceren"
2002,31,"Ömer Faruk","Edanur"
2002,32,"Ferhat","Kader"
2002,33,"Onur","Duygu"
2002,34,"Fatih","Berivan"
2002,35,"Oğuzhan","Dilan"
2002,36,"Serkan","Sude"
2002,37,"Hakan","Meryem"
2002,38,"Osman","Ebru"
2002,39,"Berkay","Sinem"
2002,40,"Emir","Melek"
2002,41,"Yunus","Yaren"
2002,42,"Mehmet Ali","Tuğba"
2002,43,"Emircan","Sümeyye"
2002,44,"Kaan","Bahar"
2002,45,"Halil","Selin"
2002,46,"Doğukan","Derya"
2002,47,"Eray","Cansu"
2002,48,"Berat","Berfin"
2002,49,"Abdulkadir","Semanur"
2002,50,"Süleyman","Beyzanur"
2002,51,"Adem","Damla"
2002,52,"Mahmut","Esma"
2002,53,"Alperen","Sena"
2002,54,"Melih","Yasemin"
2002,55,"Recep","Tuğçe"
2002,56,"Harun","Eda"
2002,57,"Uğur","Pınar"
2002,58,"Fırat","Helin"
2002,59,"Kerem","Şeyma"
2002,60,"Salih","Songül"
2002,61,"Yakup","Beyza Nur"
2002,62,"Gökhan","Aslı"
2002,63,"Hamza","Seher"
2002,64,"Bilal","Fatma Nur"
2002,65,"Sinan","Nazlıcan"
2002,66,"Semih","Sibel"
2002,67,"Halil İbrahim","Sıla"
2002,68,"Alper","Özge"
2002,69,"Musa","Sultan"
2002,70,"Mehmet Emin","Ece"
2002,71,"Özgür","Ezgi"
2002,72,"Ümit","Nazlı"
2002,73,"Baran","Çağla"
2002,74,"Sefa","Rümeysa"
2002,75,"Görkem","Rumeysa"
2002,76,"Erkan","Dilek"
2002,77,"Ozan","Sevgi"
2002,78,"İsa","Ayşe Nur"
2002,79,"Bünyamin","Sedanur"
2002,80,"Okan","İlknur"
2002,81,"Diyar","Leyla"
2002,82,"Arda","Fatmanur"
2002,83,"Berke","Deniz"
2002,84,"Erdem","Ceyda"
2002,85,"Deniz","Gülcan"
2002,86,"Doğan","Nurcan"
2002,87,"Yiğit","Zeliha"
2002,88,"Tolga","Burcu"
2002,89,"Bayram","Sedef"
2002,90,"Nurullah","Neslihan"
2002,91,"İbrahim Halil","Tuba"
2002,92,"Serdar","Hacer"
2002,93,"Can","Arzu"
2002,94,"Sedat","Simge"
2002,95,"Şahin","Gülsüm"
2002,96,"Mehmet Can","Sevda"
2002,97,"Veysel","Sema"
2002,98,"Kemal","Rukiye"
2002,99,"Cihan","Seda"
2002,100,"Metin","Esmanur"
2003,1,"Yusuf","Zeynep"
2003,2,"Mehmet","Sıla"
2003,3,"Furkan","Elif"
2003,4,"Mustafa","İrem"
2003,5,"Ahmet","Merve"
2003,6,"Emre","Fatma"
2003,7,"Ali","Esra"
2003,8,"Enes","Rabia"
2003,9,"Ömer","Emine"
2003,10,"İbrahim","Ayşe"
2003,11,"Emirhan","Zehra"
2003,12,"Hüseyin","Hatice"
2003,13,"Umut","Beyza"
2003,14,"Hasan","Büşra"
2003,15,"Mert","Aleyna"
2003,16,"Eren","İlayda"
2003,17,"Yunus Emre","Kübra"
2003,18,"Burak","Melike"
2003,19,"Murat","Ceren"
2003,20,"Muhammed","Sude"
2003,21,"İsmail","Yağmur"
2003,22,"Batuhan","Dilara"
2003,23,"Barış","Şevval"
2003,24,"Abdullah","Berivan"
2003,25,"Serhat","Nazar"
2003,26,"Ramazan","Buse"
2003,27,"Yasin","Gamze"
2003,28,"Kadir","Helin"
2003,29,"Muhammet","Betül"
2003,30,"Samet","Hilal"
2003,31,"Ömer Faruk","Edanur"
2003,32,"Ferhat","Meryem"
2003,33,"Berkay","Gizem"
2003,34,"Onur","Bahar"
2003,35,"Osman","Ayşegül"
2003,36,"Fatih","Melisa"
2003,37,"Berat","Ayşenur"
2003,38,"Serkan","Berfin"
2003,39,"Yunus","Sudenaz"
2003,40,"Oğuzhan","Özlem"
2003,41,"Hakan","Dilan"
2003,42,"Mehmet Ali","Melek"
2003,43,"Halil","Duygu"
2003,44,"Kaan","Sümeyye"
2003,45,"Emir","Esma"
2003,46,"Alperen","Yaren"
2003,47,"Kerem","Ebru"
2003,48,"Abdulkadir","Pınar"
2003,49,"Baran","Kader"
2003,50,"Yiğit","Beyzanur"
2003,51,"Eray","Rojin"
2003,52,"Süleyman","Semanur"
2003,53,"Mahmut","Sinem"
2003,54,"Adem","Tuğba"
2003,55,"Doğukan","Cansu"
2003,56,"Harun","Eda"
2003,57,"Emircan","Sena"
2003,58,"Recep","Selin"
2003,59,"Uğur","Derya"
2003,60,"Salih","Yasemin"
2003,61,"Hamza","Ece"
2003,62,"Yakup","Damla"
2003,63,"Alper","Tuğçe"
2003,64,"Arda","Şeyma"
2003,65,"Semih","Aslı"
2003,66,"Fırat","Fatma Nur"
2003,67,"Melih","Beyza Nur"
2003,68,"Halil İbrahim","Seher"
2003,69,"Şahin","Songül"
2003,70,"Bilal","Sultan"
2003,71,"Mehmet Emin","Rümeysa"
2003,72,"Sinan","Azra"
2003,73,"Musa","Nisanur"
2003,74,"Özgür","Ezgi"
2003,75,"Gökhan","Nazlı"
2003,76,"Efe","Rumeysa"
2003,77,"Caner","Nazlıcan"
2003,78,"Can","Özge"
2003,79,"Görkem","Sibel"
2003,80,"Sefa","Deniz"
2003,81,"Erdem","Ceyda"
2003,82,"Cihan","Sevgi"
2003,83,"İsa","Zeliha"
2003,84,"Deniz","Fatmanur"
2003,85,"Berke","Ayşe Nur"
2003,86,"Bedirhan","Zerda"
2003,87,"Azat","İlknur"
2003,88,"Bünyamin","Dilek"
2003,89,"Diyar","Sedanur"
2003,90,"Metehan","Neslihan"
2003,91,"Azad","Leyla"
2003,92,"Ozan","Esmanur"
2003,93,"Erkan","Nurcan"
2003,94,"Mehmet Can","Tuba"
2003,95,"Tolga","Sudenur"
2003,96,"Ümit","Gülcan"
2003,97,"Okan","Ebrar"
2003,98,"Bayram","Hacer"
2003,99,"Nurullah","Eylül"
2003,100,"Kemal","Rukiye"
2004,1,"Yusuf","Zeynep"
2004,2,"Mehmet","Elif"
2004,3,"Mustafa","Sıla"
2004,4,"Furkan","İrem"
2004,5,"Ahmet","Merve"
2004,6,"Emre","Fatma"
2004,7,"Enes","Esra"
2004,8,"Ali","Rabia"
2004,9,"Eren","Ayşe"
2004,10,"Ömer","Hatice"
2004,11,"İbrahim","Emine"
2004,12,"Emirhan","Zehra"
2004,13,"Hüseyin","Sude"
2004,14,"Yunus Emre","Aleyna"
2004,15,"Hasan","Beyza"
2004,16,"Muhammed","Yağmur"
2004,17,"Mert","Melike"
2004,18,"Caner","Ceren"
2004,19,"Burak","İlayda"
2004,20,"Umut","Büşra"
2004,21,"İsmail","Berfin"
2004,22,"Murat","Dilan"
2004,23,"Berat","Kübra"
2004,24,"Samet","Esma"
2004,25,"Ramazan","Buse"
2004,26,"Abdullah","Sudenaz"
2004,27,"Muhammet","Meryem"
2004,28,"Yasin","Dilara"
2004,29,"Batuhan","Şevval"
2004,30,"Kadir","Gamze"
2004,31,"Ömer Faruk","Betül"
2004,32,"Serhat","Helin"
2004,33,"Efe","Melisa"
2004,34,"Ferhat","Hilal"
2004,35,"Baran","Tuğba"
2004,36,"Barış","Gizem"
2004,37,"Kerem","Ayşenur"
2004,38,"Arda","Ayşegül"
2004,39,"Berkay","Edanur"
2004,40,"Osman","Sümeyye"
2004,41,"Onur","Berivan"
2004,42,"Yunus","Rümeysa"
2004,43,"Fatih","Bahar"
2004,44,"Serkan","Melek"
2004,45,"Mehmet Ali","Özlem"
2004,46,"Emir","Azra"
2004,47,"Halil","Selin"
2004,48,"Abdulkadir","Semanur"
2004,49,"Alperen","Nisanur"
2004,50,"Hakan","Yaren"
2004,51,"Oğuzhan","Nazar"
2004,52,"Yiğit","Beyzanur"
2004,53,"Kaan","Pınar"
2004,54,"Süleyman","Ece"
2004,55,"Adem","Cansu"
2004,56,"Mahmut","Sinem"
2004,57,"Hamza","Sena"
2004,58,"Yakup","Eda"
2004,59,"Recep","Rumeysa"
2004,60,"Harun","Duygu"
2004,61,"Eray","Kader"
2004,62,"Salih","Tuğçe"
2004,63,"Halil İbrahim","Ebru"
2004,64,"Bilal","Esmanur"
2004,65,"Mehmet Emin","Derya"
2004,66,"Alper","Yasemin"
2004,67,"Semih","Damla"
2004,68,"Fırat","Tülin"
2004,69,"Uğur","Eylül"
2004,70,"Doğukan","Fatma Nur"
2004,71,"Melih","Şeyma"
2004,72,"Emircan","Sultan"
2004,73,"Özgür","Aslı"
2004,74,"Musa","Songül"
2004,75,"İsa","Seher"
2004,76,"Diyar","Nisa"
2004,77,"Berke","Rojin"
2004,78,"Deniz","Özge"
2004,79,"Gökhan","Fatmanur"
2004,80,"Can","Sudenur"
2004,81,"Sefa","Zeliha"
2004,82,"Sinan","Beyza Nur"
2004,83,"Görkem","Ezgi"
2004,84,"Ozan","Ceyda"
2004,85,"Bünyamin","Irmak"
2004,86,"Muhammed Ali","Nazlı"
2004,87,"Şahin","Ebrar"
2004,88,"Erdem","Tuba"
2004,89,"Talha","Hazal"
2004,90,"Muhammed Emin","Dilek"
2004,91,"Cihan","İlknur"
2004,92,"Metehan","Deniz"
2004,93,"İbrahim Halil","Kardelen"
2004,94,"Tolga","Sevgi"
2004,95,"Mehmet Can","Nehir"
2004,96,"Azat","İpek"
2004,97,"Nurullah","Ayşe Nur"
2004,98,"Muhammet Ali","Neslihan"
2004,99,"Bayram","Sibel"
2004,100,"Polat","Şilan"
2005,1,"Yusuf","Zeynep"
2005,2,"Emirhan","Elif"
2005,3,"Mehmet","Büşra"
2005,4,"Mustafa","Merve"
2005,5,"Arda","İrem"
2005,6,"Ahmet","Yağmur"
2005,7,"Furkan","Fatma"
2005,8,"Enes","Sıla"
2005,9,"Ali","Zehra"
2005,10,"Muhammed","Rabia"
2005,11,"Emre","Hatice"
2005,12,"İbrahim","Emine"
2005,13,"Ömer","Ayşe"
2005,14,"Eren","Aleyna"
2005,15,"Hüseyin","Esra"
2005,16,"Baran","Melike"
2005,17,"Hasan","Meryem"
2005,18,"Yunus Emre","Beyza"
2005,19,"Mert","Sudenaz"
2005,20,"Berat","Ceren"
2005,21,"Burak","Esma"
2005,22,"İsmail","İlayda"
2005,23,"Samet","Şevval"
2005,24,"Efe","Sude"
2005,25,"Ramazan","Nisanur"
2005,26,"Abdullah","Kübra"
2005,27,"Yasin","Berfin"
2005,28,"Ömer Faruk","Dilan"
2005,29,"Kadir","Melisa"
2005,30,"Muhammet","Dilara"
2005,31,"Murat","Eylül"
2005,32,"Umut","Gamze"
2005,33,"Batuhan","Betül"
2005,34,"Kerem","Nehir"
2005,35,"Serhat","Nisa"
2005,36,"Osman","Ayşenur"
2005,37,"Ferhat","Hilal"
2005,38,"Barış","Melek"
2005,39,"Fatih","Rümeysa"
2005,40,"Mehmet Ali","Buse"
2005,41,"Yiğit","Azra"
2005,42,"Emir","Ayşegül"
2005,43,"Onur","Irmak"
2005,44,"Serkan","Helin"
2005,45,"Abdulkadir","Sümeyye"
2005,46,"Yunus","Rojin"
2005,47,"Caner","Edanur"
2005,48,"Berkay","Esmanur"
2005,49,"Halil","Tuğba"
2005,50,"Alperen","Zilan"
2005,51,"Süleyman","Yaren"
2005,52,"Hamza","Semanur"
2005,53,"Adem","Gizem"
2005,54,"Hakan","Rumeysa"
2005,55,"Mahmut","Nisa Nur"
2005,56,"Bilal","Sinem"
2005,57,"Oğuzhan","Beyzanur"
2005,58,"Salih","Özlem"
2005,59,"Halil İbrahim","Medine"
2005,60,"Harun","Eda"
2005,61,"Yakup","Sena"
2005,62,"Kaan","Damla"
2005,63,"Deniz","Bahar"
2005,64,"Mehmet Emin","Fatma Nur"
2005,65,"Semih","Ece"
2005,66,"Recep","Kardelen"
2005,67,"Muhammed Ali","Yasemin"
2005,68,"Fırat","Selin"
2005,69,"Talha","Şeyma"
2005,70,"Eray","Ebrar"
2005,71,"Musa","Derya"
2005,72,"Özgür","Cansu"
2005,73,"Muhammed Emin","Sultan"
2005,74,"Uğur","Fatmanur"
2005,75,"Diyar","Kader"
2005,76,"Melih","Havin"
2005,77,"Alper","Ebru"
2005,78,"İsa","Aslı"
2005,79,"Emircan","Pınar"
2005,80,"Doğukan","Duygu"
2005,81,"Sefa","Zeliha"
2005,82,"Can","Tuğçe"
2005,83,"İbrahim Halil","Sude Naz"
2005,84,"Bedirhan","Songül"
2005,85,"Muhammet Ali","Nazlı"
2005,86,"Erdem","İlknur"
2005,87,"Taha","Özge"
2005,88,"Gökhan","İpek"
2005,89,"Abdulsamet","Seher"
2005,90,"Sinan","Esma Nur"
2005,91,"Bünyamin","Elanur"
2005,92,"Metehan","Sudenur"
2005,93,"Mehmet Can","Berivan"
2005,94,"Resul","Tuana"
2005,95,"Görkem","Tuba"
2005,96,"Ege","Beyza Nur"
2005,97,"Ozan","Dilek"
2005,98,"Nurullah","Hazal"
2005,99,"Eyüp","Ayşe Nur"
2005,100,"Tunahan","Deniz"
2006,1,"Arda","Elif"
2006,2,"Yusuf","Zeynep"
2006,3,"Mehmet","İrem"
2006,4,"Mustafa","Büşra"
2006,5,"Emirhan","Merve"
2006,6,"Ahmet","Sıla"
2006,7,"Enes","Yağmur"
2006,8,"Furkan","Medine"
2006,9,"Muhammed","Fatma"
2006,10,"Ali","Zehra"
2006,11,"İbrahim","Rabia"
2006,12,"Ömer","Hatice"
2006,13,"Eren","Ceren"
2006,14,"Hüseyin","Meryem"
2006,15,"Emre","Ayşe"
2006,16,"Hasan","Emine"
2006,17,"Samet","İlayda"
2006,18,"Mert","Nehir"
2006,19,"Burak","Şevval"
2006,20,"Berat","Beyza"
2006,21,"Yunus Emre","Aleyna"
2006,22,"İsmail","Sudenaz"
2006,23,"Ömer Faruk","Sude"
2006,24,"Kerem","Eylül"
2006,25,"Baran","Nisanur"
2006,26,"Yasin","Melike"
2006,27,"Muhammet","Esra"
2006,28,"Efe","Kübra"
2006,29,"Abdullah","Esmanur"
2006,30,"Ramazan","Berfin"
2006,31,"Kadir","Esma"
2006,32,"Murat","Melisa"
2006,33,"Umut","Betül"
2006,34,"Yiğit","Melek"
2006,35,"Batuhan","Dilara"
2006,36,"Mehmet Ali","Ayşenur"
2006,37,"Hamza","Zilan"
2006,38,"Osman","Hilal"
2006,39,"Salih","Ayşegül"
2006,40,"Emir","Sümeyye"
2006,41,"Fatih","Irmak"
2006,42,"Onur","Dilan"
2006,43,"Abdulkadir","Yaren"
2006,44,"Alperen","Rümeysa"
2006,45,"Halil","Nisa"
2006,46,"Berkay","Azra"
2006,47,"Barış","Gamze"
2006,48,"Ege","Buse"
2006,49,"Serhat","Damla"
2006,50,"Adem","Semanur"
2006,51,"Muhammed Ali","Edanur"
2006,52,"Süleyman","Helin"
2006,53,"Harun","Beyzanur"
2006,54,"Yunus","Rojin"
2006,55,"Bilal","Rumeysa"
2006,56,"Kaan","Tuğba"
2006,57,"Serkan","Ebrar"
2006,58,"Ferhat","Nisa Nur"
2006,59,"Mahmut","Esma Nur"
2006,60,"Muhammed Emin","Fatma Nur"
2006,61,"Mehmet Emin","Gizem"
2006,62,"Deniz","Özlem"
2006,63,"Halil İbrahim","Tuana"
2006,64,"Talha","Nazlı"
2006,65,"Yakup","Sultan"
2006,66,"Oğuzhan","Şeyma"
2006,67,"Abdulsamet","İlknur"
2006,68,"Semih","Sude Naz"
2006,69,"Musa","Sudenur"
2006,70,"Caner","Fatmanur"
2006,71,"Muhammet Ali","Ece"
2006,72,"Hakan","Sena"
2006,73,"Recep","Cansu"
2006,74,"Melih","Aslı"
2006,75,"İsa","Bahar"
2006,76,"Uğur","Yasemin"
2006,77,"Metehan","Elanur"
2006,78,"Eyüp","Sinem"
2006,79,"Eray","Selin"
2006,80,"Fırat","Kardelen"
2006,81,"Özgür","Songül"
2006,82,"Bedirhan","Derya"
2006,83,"Erdem","Beyza Nur"
2006,84,"Taha","Eda"
2006,85,"İbrahim Halil","Pınar"
2006,86,"Can","Ekin"
2006,87,"Resul","Elif Nur"
2006,88,"Sefa","Kader"
2006,89,"Mehmet Can","Ayşe Nur"
2006,90,"Diyar","Zeliha"
2006,91,"Emircan","Ebru"
2006,92,"Sinan","Havin"
2006,93,"Doğukan","Özge"
2006,94,"Alper","Hazal"
2006,95,"Muhammet Emin","Tuğçe"
2006,96,"Muhammed Enes","Deniz"
2006,97,"Bünyamin","Kevser"
2006,98,"Nurullah","Seher"
2006,99,"Abdurrahman","Ceyda"
2006,100,"Tunahan","Ezgi"
2007,1,"Yusuf","Zeynep"
2007,2,"Arda","Elif"
2007,3,"Mehmet","İrem"
2007,4,"Mustafa","Yağmur"
2007,5,"Ahmet","Merve"
2007,6,"Emirhan","Sıla"
2007,7,"Enes","Medine"
2007,8,"Muhammed","Fatma"
2007,9,"Furkan","Büşra"
2007,10,"Ali","Zehra"
2007,11,"Berat","Rabia"
2007,12,"Ömer","Hatice"
2007,13,"Hüseyin","Şevval"
2007,14,"İbrahim","Sudenaz"
2007,15,"Efe","Nisanur"
2007,16,"Burak","Meryem"
2007,17,"Emre","Ayşe"
2007,18,"Eren","Nehir"
2007,19,"Hasan","Ceren"
2007,20,"Yunus Emre","Emine"
2007,21,"Kerem","Sude"
2007,22,"İsmail","İlayda"
2007,23,"Mert","Aleyna"
2007,24,"Yasin","Kübra"
2007,25,"Samet","Beyza"
2007,26,"Ömer Faruk","Esmanur"
2007,27,"Kaan","Berfin"
2007,28,"Abdullah","Sümeyye"
2007,29,"Muhammet","Yaren"
2007,30,"Ege","Eylül"
2007,31,"Ramazan","Melike"
2007,32,"Baran","Melek"
2007,33,"Umut","Esma"
2007,34,"Yiğit","Esra"
2007,35,"Murat","Ayşegül"
2007,36,"Hamza","Elanur"
2007,37,"Kadir","Melisa"
2007,38,"Emir","Dilara"
2007,39,"Batuhan","Betül"
2007,40,"Salih","Irmak"
2007,41,"Onur","Ayşenur"
2007,42,"Muhammed Ali","Azra"
2007,43,"Barış","Tuana"
2007,44,"Mehmet Ali","Hilal"
2007,45,"Osman","Damla"
2007,46,"Alperen","Ela"
2007,47,"Fatih","Nisa"
2007,48,"Bedirhan","Rümeysa"
2007,49,"Muhammed Emin","Nazlı"
2007,50,"Berkay","Nisa Nur"
2007,51,"Abdulkadir","Ebrar"
2007,52,"Halil","Semanur"
2007,53,"Harun","Gamze"
2007,54,"Deniz","Sude Naz"
2007,55,"Mehmet Emin","Edanur"
2007,56,"Süleyman","Hayrunnisa"
2007,57,"Adem","Fatma Nur"
2007,58,"Serhat","Buse"
2007,59,"Halil İbrahim","Beyzanur"
2007,60,"Yunus","Rumeysa"
2007,61,"Bilal","Şeyma"
2007,62,"Talha","Gizem"
2007,63,"Mahmut","Dilan"
2007,64,"Musa","Ece"
2007,65,"Semih","Özlem"
2007,66,"Yakup","Fatmanur"
2007,67,"Metehan","İlknur"
2007,68,"Muhammet Ali","Selin"
2007,69,"Oğuzhan","Cansu"
2007,70,"Serkan","Esma Nur"
2007,71,"Abdulsamet","Tuğba"
2007,72,"Eyüp","Sudenur"
2007,73,"Recep","Hiranur"
2007,74,"İsa","Sena"
2007,75,"Ferhat","Yasemin"
2007,76,"Hakan","Özge"
2007,77,"Muhammed Enes","Helin"
2007,78,"Boran","Duru"
2007,79,"Ozan","Bahar"
2007,80,"Erdem","Eda"
2007,81,"Mehmet Can","Sultan"
2007,82,"Uğur","Ecrin"
2007,83,"Melih","Aslı"
2007,84,"Taha","Naz"
2007,85,"Mehmet Akif","Elif Nur"
2007,86,"İbrahim Halil","Ceylin"
2007,87,"Miraç","Beyza Nur"
2007,88,"Resul","Narin"
2007,89,"Eray","Elif Naz"
2007,90,"Sefa","Berra"
2007,91,"Caner","Zilan"
2007,92,"Muhammed mustafa","Zeliha"
2007,93,"Can","Deniz"
2007,94,"Muhammet Emin","Pınar"
2007,95,"Fırat","Rojin"
2007,96,"Mehmet Efe","Songül"
2007,97,"Tunahan","Ezel"
2007,98,"Alper","Sinem"
2007,99,"Özgür","Ezgi"
2007,100,"Emircan","Kevser"
2008,1,"Yusuf","Zeynep"
2008,2,"Arda","Elif"
2008,3,"Mustafa","Yağmur"
2008,4,"Mehmet","İrem"
2008,5,"Ahmet","Merve"
2008,6,"Emirhan","Büşra"
2008,7,"Muhammed","Nisanur"
2008,8,"Enes","Ecrin"
2008,9,"Efe","Fatma"
2008,10,"Berat","Medine"
2008,11,"Furkan","Zehra"
2008,12,"Eren","Hatice"
2008,13,"Ali","Rabia"
2008,14,"Ömer","Yaren"
2008,15,"Hüseyin","Ayşe"
2008,16,"Burak","Eylül"
2008,17,"İbrahim","Berfin"
2008,18,"Yunus Emre","Meryem"
2008,19,"Emre","Sudenaz"
2008,20,"Hasan","Sümeyye"
2008,21,"Mert","Emine"
2008,22,"Kerem","Ceren"
2008,23,"İsmail","Kübra"
2008,24,"Ömer Faruk","Elanur"
2008,25,"Ege","Ela"
2008,26,"Umut","İlayda"
2008,27,"Samet","Melek"
2008,28,"Yiğit","Nehir"
2008,29,"Abdullah","Azra"
2008,30,"Baran","Şevval"
2008,31,"Yasin","Tuana"
2008,32,"Hamza","Esmanur"
2008,33,"Batuhan","Beyza"
2008,34,"Bedirhan","Sude"
2008,35,"Kaan","Melisa"
2008,36,"Muhammet","Melike"
2008,37,"Ramazan","Esma"
2008,38,"Emir","Esra"
2008,39,"Murat","Irmak"
2008,40,"Muhammed Ali","Damla"
2008,41,"Kadir","Nisa"
2008,42,"Mehmet Ali","Aleyna"
2008,43,"Alperen","Hiranur"
2008,44,"Salih","Ayşegül"
2008,45,"Barış","Betül"
2008,46,"Onur","Nisa Nur"
2008,47,"Deniz","Ayşenur"
2008,48,"Berkay","Ceylin"
2008,49,"Muhammed Emin","Hilal"
2008,50,"Osman","Defne"
2008,51,"Semih","Gamze"
2008,52,"Fatih","Dilara"
2008,53,"Halil","Hayrunnisa"
2008,54,"Harun","Ebrar"
2008,55,"Mehmet Emin","Semanur"
2008,56,"Abdulkadir","Sıla"
2008,57,"Bilal","Rümeysa"
2008,58,"Süleyman","Edanur"
2008,59,"Halil İbrahim","Cansu"
2008,60,"Adem","Özge"
2008,61,"Musa","Ece"
2008,62,"Eyüp","Beyzanur"
2008,63,"Muhammet Ali","Sude Naz"
2008,64,"Yakup","Nazlı"
2008,65,"Serhat","Fatma Nur"
2008,66,"Talha","Cemre"
2008,67,"Mahmut","Buse"
2008,68,"Yunus","Gizem"
2008,69,"Erdem","Bahar"
2008,70,"Metehan","Selin"
2008,71,"Serkan","Fatmanur"
2008,72,"Oğuzhan","Tuğba"
2008,73,"Mehmet Efe","İlknur"
2008,74,"Hakan","Duru"
2008,75,"Muhammed Enes","Rumeysa"
2008,76,"İsa","Naz"
2008,77,"Abdulsamet","Özlem"
2008,78,"Taha","Eda"
2008,79,"Alper","Esma Nur"
2008,80,"Miraç","Şeyma"
2008,81,"Yağız","Pınar"
2008,82,"Uğur","Aslı"
2008,83,"Fırat","Belinay"
2008,84,"Muhammed mustafa","Berra"
2008,85,"Eymen","Dilan"
2008,86,"Egemen","Elif Nur"
2008,87,"İbrahim Halil","Deniz"
2008,88,"Recep","Yasemin"
2008,89,"Veysel","Elif Naz"
2008,90,"Eray","Kardelen"
2008,91,"Muhammet Emin","Beyza Nur"
2008,92,"Caner","Sultan"
2008,93,"Resul","Sinem"
2008,94,"Tunahan","Sudenur"
2008,95,"Ferhat","Sena"
2008,96,"Mehmet Akif","Ezgi"
2008,97,"Melih","Songül"
2008,98,"Ozan","Hazal"
2008,99,"Ahmet Efe","Helin"
2008,100,"Hasan Hüseyin","Zeliha"
2009,1,"Yusuf","Zeynep"
2009,2,"Arda","Elif"
2009,3,"Mustafa","Ecrin"
2009,4,"Mehmet","Yağmur"
2009,5,"Ahmet","İrem"
2009,6,"Enes","Nisanur"
2009,7,"Muhammed","Eylül"
2009,8,"Berat","Merve"
2009,9,"Furkan","Zehra"
2009,10,"Emirhan","Büşra"
2009,11,"Ali","Fatma"
2009,12,"Ömer","Sudenaz"
2009,13,"Eren","Rabia"
2009,14,"Yiğit","Melike"
2009,15,"Hüseyin","Tuana"
2009,16,"Efe","Medine"
2009,17,"İbrahim","Hatice"
2009,18,"Kerem","Sümeyye"
2009,19,"Yunus Emre","Melek"
2009,20,"Alperen","Ela"
2009,21,"Burak","Ayşe"
2009,22,"Mert","Berfin"
2009,23,"Hasan","Meryem"
2009,24,"Emre","Elanur"
2009,25,"Ömer Faruk","Yaren"
2009,26,"İsmail","Emine"
2009,27,"Umut","Kübra"
2009,28,"Baran","Duru"
2009,29,"Abdullah","Hiranur"
2009,30,"Batuhan","Ceren"
2009,31,"Ege","Azra"
2009,32,"Hamza","Melisa"
2009,33,"Yasin","Şevval"
2009,34,"Ramazan","İlayda"
2009,35,"Kaan","Esmanur"
2009,36,"Samet","Nehir"
2009,37,"Muhammet","Beyza"
2009,38,"Bedirhan","Irmak"
2009,39,"Muhammed Ali","Ceylin"
2009,40,"Emir","Aleyna"
2009,41,"Murat","Esma"
2009,42,"Deniz","Nisa"
2009,43,"Mehmet Ali","Ayşegül"
2009,44,"Barış","Defne"
2009,45,"Salih","Belinay"
2009,46,"Bilal","Damla"
2009,47,"Yağız","Gamze"
2009,48,"Berkay","Sude"
2009,49,"Kadir","Betül"
2009,50,"Muhammed Emin","Ebrar"
2009,51,"Onur","Nisa Nur"
2009,52,"Miraç","Esra"
2009,53,"Harun","Hayrunnisa"
2009,54,"Eymen","Cansu"
2009,55,"Osman","Hilal"
2009,56,"Utku","Ayşenur"
2009,57,"Fatih","Edanur"
2009,58,"Semih","Asya"
2009,59,"Abdulkadir","Nazlı"
2009,60,"Halil","Dilara"
2009,61,"Doruk","Semanur"
2009,62,"Halil İbrahim","Rümeysa"
2009,63,"Yakup","Sıla"
2009,64,"Mehmet Emin","Ece"
2009,65,"Eyüp","Sude Naz"
2009,66,"Erdem","Berra"
2009,67,"Süleyman","Fatma Nur"
2009,68,"Fırat","Eda"
2009,69,"Musa","Beren"
2009,70,"Adem","Sinem"
2009,71,"Talha","Beyzanur"
2009,72,"Metehan","Fatmanur"
2009,73,"Oğuzhan","Buse"
2009,74,"Muhammet Ali","Tuğba"
2009,75,"Alper","Deniz"
2009,76,"Muhammed Enes","Gizem"
2009,77,"Yunus","Selin"
2009,78,"Serhat","Tuğçe"
2009,79,"Mahmut","İlknur"
2009,80,"Taha","Rumeysa"
2009,81,"Muhammed mustafa","Bahar"
2009,82,"Mehmet Efe","Şeyma"
2009,83,"İsa","Esma Nur"
2009,84,"Hakan","Cemre"
2009,85,"Egemen","Pınar"
2009,86,"Mehmet Akif","Hazal"
2009,87,"Abdulsamet","Narin"
2009,88,"Serkan","Elif Nur"
2009,89,"Eray","Elif Naz"
2009,90,"İbrahim Halil","Ada"
2009,91,"Bünyamin","Yasemin"
2009,92,"Uğur","Özlem"
2009,93,"Kayra","Özge"
2009,94,"Ayaz","Sena"
2009,95,"Caner","Sultan"
2009,96,"Ozan","Kardelen"
2009,97,"Melih","Melis"
2009,98,"Özgür","Aslı"
2009,99,"Tunahan","İpek"
2009,100,"Recep","Havin"
2010,1,"Yusuf","Zeynep"
2010,2,"Mustafa","Elif"
2010,3,"Mehmet","Yağmur"
2010,4,"Ahmet","Ecrin"
2010,5,"Arda","Nisanur"
2010,6,"Berat","İrem"
2010,7,"Muhammed","Zehra"
2010,8,"Enes","Eylül"
2010,9,"Yiğit","Nehir"
2010,10,"Furkan","Merve"
2010,11,"Ömer","Fatma"
2010,12,"Ali","Azra"
2010,13,"Emirhan","Nisa"
2010,14,"Mert","Büşra"
2010,15,"İbrahim","Meryem"
2010,16,"Hüseyin","Ayşe"
2010,17,"Eren","Medine"
2010,18,"Umut","Hiranur"
2010,19,"Yunus Emre","Hatice"
2010,20,"Efe","Asmin"
2010,21,"Kerem","Sümeyye"
2010,22,"Ömer Faruk","Tuana"
2010,23,"Hasan","Rabia"
2010,24,"Alperen","Melike"
2010,25,"İsmail","Yaren"
2010,26,"Burak","Melisa"
2010,27,"Emre","Elanur"
2010,28,"Emir","Emine"
2010,29,"Hamza","Ela"
2010,30,"Baran","Kübra"
2010,31,"Abdullah","Sudenaz"
2010,32,"Muhammed Ali","Duru"
2010,33,"Batuhan","Belinay"
2010,34,"Yasin","Nisa Nur"
2010,35,"Ege","Melek"
2010,36,"Samet","Berfin"
2010,37,"Eymen","Esmanur"
2010,38,"Kaan","Ceren"
2010,39,"Ramazan","Ceylin"
2010,40,"Harun","Irmak"
2010,41,"Muhammet","Damla"
2010,42,"Erdem","Defne"
2010,43,"Berkay","Şevval"
2010,44,"Murat","Esma"
2010,45,"Muhammed Emin","Beyza"
2010,46,"Miraç","İlayda"
2010,47,"Mehmet Ali","Edanur"
2010,48,"Deniz","Eda"
2010,49,"Bedirhan","Ebrar"
2010,50,"Yakup","Ayşegül"
2010,51,"Doruk","Asya"
2010,52,"Salih","Gamze"
2010,53,"Osman","Betül"
2010,54,"Bünyamin","Hilal"
2010,55,"Bilal","Hayrunnisa"
2010,56,"Kadir","Cemre"
2010,57,"Fatih","Aleyna"
2010,58,"Barış","Esra"
2010,59,"Onur","Ayşenur"
2010,60,"Halil","Berra"
2010,61,"Yağız","Cansu"
2010,62,"Mehmet Emin","Sude"
2010,63,"Utku","Beren"
2010,64,"Abdulkadir","Ece"
2010,65,"Halil İbrahim","Semanur"
2010,66,"Talha","Nazlı"
2010,67,"Süleyman","Fatma Nur"
2010,68,"Kuzey","Rümeysa"
2010,69,"Muhammed Enes","Deniz"
2010,70,"Musa","Ada"
2010,71,"Semih","Dilara"
2010,72,"Muhammet Ali","Fatmanur"
2010,73,"Serhat","Elif Nur"
2010,74,"Eyüp","Sıla"
2010,75,"Adem","Gizem"
2010,76,"Muhammed mustafa","Esma Nur"
2010,77,"Metehan","Tuğba"
2010,78,"Poyraz","Beyzanur"
2010,79,"Mahmut","Elif Naz"
2010,80,"Alper","Sinem"
2010,81,"Taha","Bahar"
2010,82,"Egemen","Hazal"
2010,83,"Yunus","Sude Naz"
2010,84,"Toprak","Buse"
2010,85,"Çınar","Yasemin"
2010,86,"Mehmet Efe","İlknur"
2010,87,"Mehmet Akif","İpek"
2010,88,"Oğuzhan","Melis"
2010,89,"İsa","Ezgi"
2010,90,"Melih","Şeyma"
2010,91,"Fırat","Selin"
2010,92,"İbrahim Halil","Pınar"
2010,93,"Rüzgar","Öykü"
2010,94,"Kayra","Tuğçe"
2010,95,"Muhammet Emin","Özlem"
2010,96,"Ozan","Havin"
2010,97,"Ayaz","Aslı"
2010,98,"Uğur","Kevser"
2010,99,"Eray","Rumeysa"
2010,100,"Abdulsamet","Sena"
2011,1,"Yusuf","Zeynep"
2011,2,"Mustafa","Elif"
2011,3,"Berat","Ecrin"
2011,4,"Emir","Yağmur"
2011,5,"Mehmet","Nisanur"
2011,6,"Ahmet","Azra"
2011,7,"Muhammed","Nehir"
2011,8,"Enes","Zehra"
2011,9,"Ömer","İrem"
2011,10,"Emirhan","Eylül"
2011,11,"Furkan","Ela"
2011,12,"Ali","Merve"
2011,13,"İbrahim","Belinay"
2011,14,"Arda","Hiranur"
2011,15,"Çınar","Sümeyye"
2011,16,"Mert","Meryem"
2011,17,"Yiğit","Fatma"
2011,18,"Hüseyin","Nisa"
2011,19,"Yunus Emre","Rabia"
2011,20,"Kerem","Ayşe"
2011,21,"Eren","Büşra"
2011,22,"Ömer Faruk","Elanur"
2011,23,"Efe","Hatice"
2011,24,"Hasan","Melisa"
2011,25,"Umut","Tuana"
2011,26,"Alperen","Medine"
2011,27,"Burak","Damla"
2011,28,"Muhammed Ali","Kübra"
2011,29,"Hamza","Esmanur"
2011,30,"İsmail","Ceylin"
2011,31,"Eymen","Emine"
2011,32,"Emre","Nisa Nur"
2011,33,"Abdullah","Irmak"
2011,34,"Yasin","Asmin"
2011,35,"Batuhan","Ceren"
2011,36,"Muhammed Emin","Duru"
2011,37,"Baran","Esma"
2011,38,"Miraç","Melike"
2011,39,"Berkay","Melek"
2011,40,"Ramazan","Yaren"
2011,41,"Samet","Asya"
2011,42,"Mehmet Ali","Sudenaz"
2011,43,"Harun","Betül"
2011,44,"Kaan","Beren"
2011,45,"Murat","Ebrar"
2011,46,"Ege","Beyza"
2011,47,"Bünyamin","Hayrunnisa"
2011,48,"Osman","Berfin"
2011,49,"Bilal","Şevval"
2011,50,"Rüzgar","İlayda"
2011,51,"Muhammet","Ayşegül"
2011,52,"Deniz","Cemre"
2011,53,"Yakup","Eda"
2011,54,"Erdem","Defne"
2011,55,"Kadir","Berra"
2011,56,"Kuzey","Hilal"
2011,57,"Muhammed Emir","Esra"
2011,58,"Fatih","Edanur"
2011,59,"Bedirhan","Ayşenur"
2011,60,"Muhammed Enes","Ece"
2011,61,"Salih","Rümeysa"
2011,62,"Metehan","Buğlem"
2011,63,"Muhammed mustafa","Elif Naz"
2011,64,"Halil","Gamze"
2011,65,"Abdulkadir","Ada"
2011,66,"Halil İbrahim","Aleyna"
2011,67,"Mehmet Emin","Semanur"
2011,68,"Onur","Elif Nur"
2011,69,"Poyraz","Fatma Nur"
2011,70,"Talha","Deniz"
2011,71,"Süleyman","Fatmanur"
2011,72,"Doruk","Esma Nur"
2011,73,"Musa","Cansu"
2011,74,"Muhammet Ali","Dilara"
2011,75,"Serhat","Melis"
2011,76,"Aras","Nazlı"
2011,77,"Barış","Sıla"
2011,78,"Mahmut","Beyzanur"
2011,79,"Eyüp","Esila"
2011,80,"Adem","Hazal"
2011,81,"Egemen","İpek"
2011,82,"Kayra","Havin"
2011,83,"Yağız","Tuğba"
2011,84,"Semih","Öykü"
2011,85,"Mehmet Efe","Aylin"
2011,86,"Mehmet Akif","Miray"
2011,87,"Fırat","Bahar"
2011,88,"Melih","Sude"
2011,89,"Toprak","Rumeysa"
2011,90,"Yunus","Gizem"
2011,91,"İsa","İlknur"
2011,92,"İbrahim Halil","Yasemin"
2011,93,"Alper","Buse"
2011,94,"Mete","Şeyma"
2011,95,"Muhammed Yusuf","Eslem"
2011,96,"Ahmet Efe","Ezgi"
2011,97,"Taha","Aslı"
2011,98,"Kerim","Derin"
2011,99,"Muhammet Emin","Selin"
2011,100,"Eray","Hümeyra"
2012,1,"Berat","Zeynep"
2012,2,"Yusuf","Elif"
2012,3,"Emir","Ecrin"
2012,4,"Mustafa","Yağmur"
2012,5,"Mehmet","Azra"
2012,6,"Ahmet","Nisanur"
2012,7,"Muhammed","Zehra"
2012,8,"Ömer","Nehir"
2012,9,"Emirhan","Ela"
2012,10,"Çınar","Belinay"
2012,11,"Enes","Hiranur"
2012,12,"Ali","Eylül"
2012,13,"İbrahim","Meryem"
2012,14,"Furkan","Merve"
2012,15,"Yunus Emre","Sümeyye"
2012,16,"Hüseyin","Hatice"
2012,17,"Kerem","İrem"
2012,18,"Miraç","Rabia"
2012,19,"Ömer Faruk","Elanur"
2012,20,"Muhammed Ali","Fatma"
2012,21,"Mert","Ayşe"
2012,22,"Umut","Cemre"
2012,23,"Hasan","Tuana"
2012,24,"Eymen","Medine"
2012,25,"Hamza","Büşra"
2012,26,"Arda","Damla"
2012,27,"Eren","Nisa"
2012,28,"Yiğit","Esmanur"
2012,29,"Burak","Esma"
2012,30,"İsmail","Emine"
2012,31,"Efe","Melek"
2012,32,"Muhammed Emin","Melisa"
2012,33,"Alperen","Irmak"
2012,34,"Abdullah","Beren"
2012,35,"Yasin","Kübra"
2012,36,"Emre","Buğlem"
2012,37,"Muhammed Emir","Ceylin"
2012,38,"Mehmet Ali","Betül"
2012,39,"Batuhan","Nisa Nur"
2012,40,"Kaan","Duru"
2012,41,"Ramazan","Ceren"
2012,42,"Baran","Melike"
2012,43,"Bünyamin","Beyza"
2012,44,"Ege","Asya"
2012,45,"Murat","Yaren"
2012,46,"Berkay","Ebrar"
2012,47,"Osman","Defne"
2012,48,"Deniz","Ayşegül"
2012,49,"Rüzgar","Asmin"
2012,50,"Kuzey","Hayrunnisa"
2012,51,"Bilal","Berfin"
2012,52,"Muhammet","Berra"
2012,53,"Yakup","Şevval"
2012,54,"Muhammed mustafa","Ece"
2012,55,"Harun","İlayda"
2012,56,"Samet","Sudenaz"
2012,57,"Kayra","Elif Naz"
2012,58,"Salih","Elif Nur"
2012,59,"Mehmet Emin","Ada"
2012,60,"Kadir","Hilal"
2012,61,"Muhammed Enes","Edanur"
2012,62,"Erdem","Ayşenur"
2012,63,"Talha","Esra"
2012,64,"Halil","Esila"
2012,65,"Poyraz","Deniz"
2012,66,"Abdulkadir","Eslem"
2012,67,"Fatih","Rümeysa"
2012,68,"Muhammet Ali","Bahar"
2012,69,"Egemen","Eda"
2012,70,"Metehan","Derin"
2012,71,"Halil İbrahim","Miray"
2012,72,"Aras","Hazal"
2012,73,"Bedirhan","Fatma Nur"
2012,74,"Süleyman","Fatmanur"
2012,75,"Musa","Gamze"
2012,76,"Doruk","Semanur"
2012,77,"Yağız","Esma Nur"
2012,78,"Adem","Melis"
2012,79,"Mehmet Akif","İpek"
2012,80,"Muhammed Yusuf","Zümra"
2012,81,"Eyüp","Nazlı"
2012,82,"Mehmet Efe","Tuğba"
2012,83,"Onur","Mina"
2012,84,"Mahmut","Erva"
2012,85,"Serhat","Cansu"
2012,86,"Barış","Havin"
2012,87,"Ayaz","Öykü"
2012,88,"İbrahim Halil","Şeyma"
2012,89,"Semih","Hira Nur"
2012,90,"İsa","Hümeyra"
2012,91,"Muhammet Emin","Havva"
2012,92,"Yunus","Sıla"
2012,93,"Sıraç","Aylin"
2012,94,"Taha","Fatma Zehra"
2012,95,"Ensar","Aysima"
2012,96,"Anıl","Yasemin"
2012,97,"Melih","Hatice Kübra"
2012,98,"Eray","Beyzanur"
2012,99,"Kerim","Gizem"
2012,100,"Ebubekir","Aslı"
2013,1,"Yusuf","Zeynep"
2013,2,"Berat","Elif"
2013,3,"Mustafa","Ecrin"
2013,4,"Ahmet","Yağmur"
2013,5,"Emir","Zehra"
2013,6,"Ömer","Azra"
2013,7,"Mehmet","Nisanur"
2013,8,"Muhammed","Nehir"
2013,9,"Emirhan","Hiranur"
2013,10,"Eymen","Belinay"
2013,11,"Ali","Ela"
2013,12,"Çınar","Meryem"
2013,13,"Enes","Irmak"
2013,14,"Miraç","Eylül"
2013,15,"Kerem","Sümeyye"
2013,16,"Hüseyin","Cemre"
2013,17,"Umut","Rabia"
2013,18,"Yunus Emre","Fatma"
2013,19,"İbrahim","Ayşe"
2013,20,"Furkan","Hatice"
2013,21,"Muhammed Ali","Esma"
2013,22,"Hamza","Merve"
2013,23,"Ömer Faruk","Elanur"
2013,24,"Hasan","Duru"
2013,25,"Mert","Esmanur"
2013,26,"Burak","Beren"
2013,27,"Rüzgar","Nisa"
2013,28,"Muhammed Emin","Tuana"
2013,29,"Yiğit","Derin"
2013,30,"Abdullah","Damla"
2013,31,"Arda","Melek"
2013,32,"Emre","Büşra"
2013,33,"İsmail","Buğlem"
2013,34,"Alperen","Medine"
2013,35,"Eren","Emine"
2013,36,"Yasin","Melisa"
2013,37,"Efe","Nisa Nur"
2013,38,"Kaan","Yaren"
2013,39,"Poyraz","Asya"
2013,40,"Bilal","Kübra"
2013,41,"Talha","Beyza"
2013,42,"Baran","Betül"
2013,43,"Mehmet Ali","İrem"
2013,44,"Muhammed Emir","Miray"
2013,45,"Ramazan","Eslem"
2013,46,"Deniz","Ebrar"
2013,47,"Bünyamin","Defne"
2013,48,"Ege","Feyza"
2013,49,"Murat","Elif Naz"
2013,50,"Salih","Melike"
2013,51,"Yağız","Berfin"
2013,52,"Muhammed mustafa","Ada"
2013,53,"Berkay","Ceren"
2013,54,"Osman","Erva"
2013,55,"Mehmet Emin","Ayşegül"
2013,56,"Yakup","Elif Nur"
2013,57,"Kuzey","Hayrunnisa"
2013,58,"Ayaz","Berra"
2013,59,"Batuhan","Zümra"
2013,60,"Bedirhan","Deniz"
2013,61,"Harun","Esila"
2013,62,"Aras","Şevval"
2013,63,"Muhammed Enes","Ceylin"
2013,64,"Mehmet Akif","Esra"
2013,65,"Kadir","Asmin"
2013,66,"Erdem","Aysima"
2013,67,"Fatih","Ayşenur"
2013,68,"Metehan","Esma Nur"
2013,69,"Halil İbrahim","Hilal"
2013,70,"Barış","Rümeysa"
2013,71,"Samet","Fatmanur"
2013,72,"Halil","Edanur"
2013,73,"Muhammed Yusuf","Mina"
2013,74,"Süleyman","Fatma Nur"
2013,75,"Abdulkadir","Ece"
2013,76,"Muhammet","Hira Nur"
2013,77,"Musa","Eda"
2013,78,"Ensar","İlayda"
2013,79,"Egemen","Hümeyra"
2013,80,"Kayra","Bahar"
2013,81,"Muhammet Ali","Hazal"
2013,82,"Adem","Sudenaz"
2013,83,"Taha","Fatma Zehra"
2013,84,"Mahmut","Havin"
2013,85,"Eyüp","Aslı"
2013,86,"Doruk","Melis"
2013,87,"İbrahim Halil","Beril"
2013,88,"Onur","Semanur"
2013,89,"Yavuz Selim","Öykü"
2013,90,"Mehmet Efe","İpek"
2013,91,"Selim","Mira"
2013,92,"Yunus","Nazlı"
2013,93,"Ömer Asaf","Hatice Kübra"
2013,94,"İsa","Şeyma"
2013,95,"Alper","Ravza"
2013,96,"Melih","Tuğba"
2013,97,"Ebubekir","Gamze"
2013,98,"Serhat","Elif Su"
2013,99,"Semih","Ela Nur"
2013,100,"Muhammet Emin","Gizem"
2014,1,"Yusuf","Zeynep"
2014,2,"Berat","Elif"
2014,3,"Mustafa","Hiranur"
2014,4,"Ömer","Yağmur"
2014,5,"Ahmet","Ecrin"
2014,6,"Eymen","Zehra"
2014,7,"Muhammed","Azra"
2014,8,"Miraç","Miray"
2014,9,"Mehmet","Nehir"
2014,10,"Emir","Eylül"
2014,11,"Kerem","Meryem"
2014,12,"Ayaz","Nisanur"
2014,13,"Çınar","Hira"
2014,14,"Ali","Belinay"
2014,15,"Enes","Hira Nur"
2014,16,"Muhammed Ali","Rabia"
2014,17,"Yunus Emre","Ela"
2014,18,"Hamza","Esma"
2014,19,"Emirhan","Mira"
2014,20,"Hüseyin","Sümeyye"
2014,21,"İbrahim","Beren"
2014,22,"Ömer Faruk","Ayşe"
2014,23,"Umut","Merve"
2014,24,"Furkan","Ada"
2014,25,"Mert","Defne"
2014,26,"Rüzgar","Fatma"
2014,27,"Hasan","Asya"
2014,28,"Muhammed Emin","Melek"
2014,29,"Burak","Esmanur"
2014,30,"Yiğit","Hatice"
2014,31,"Abdullah","Elanur"
2014,32,"Arda","Buğlem"
2014,33,"İsmail","Nisa"
2014,34,"Poyraz","Irmak"
2014,35,"Eren","Eslem"
2014,36,"Baran","Duru"
2014,37,"Yasin","Büşra"
2014,38,"Talha","Betül"
2014,39,"Alperen","Yaren"
2014,40,"Bilal","Emine"
2014,41,"Emre","Cemre"
2014,42,"Muhammed Emir","Damla"
2014,43,"Mehmet Ali","Beyza"
2014,44,"Deniz","Havin"
2014,45,"Efe","Tuana"
2014,46,"Ramazan","Kübra"
2014,47,"Metehan","Medine"
2014,48,"Muhammed mustafa","Zümra"
2014,49,"Mehmet Akif","İrem"
2014,50,"Ege","Derin"
2014,51,"Yağız","Ebrar"
2014,52,"Murat","Melisa"
2014,53,"Bünyamin","Erva"
2014,54,"Salih","Ayşegül"
2014,55,"Kaan","Nisa Nur"
2014,56,"Mehmet Emin","Esila"
2014,57,"Muhammed Enes","Elif Nur"
2014,58,"Osman","Mina"
2014,59,"Ömer Asaf","Elif Naz"
2014,60,"Aras","Öykü"
2014,61,"Ensar","Berfin"
2014,62,"Yakup","Esma Nur"
2014,63,"Kuzey","Aysima"
2014,64,"Egemen","Hümeyra"
2014,65,"Berkay","Melis"
2014,66,"Halil İbrahim","Ayşenur"
2014,67,"Muhammed Yusuf","Melike"
2014,68,"Kadir","Hilal"
2014,69,"Erdem","Berra"
2014,70,"Fatih","Deniz"
2014,71,"Harun","Feyza"
2014,72,"Bedirhan","Şeyma"
2014,73,"Abdulkadir","Asmin"
2014,74,"Halil","Şevval"
2014,75,"Yavuz Selim","Ece"
2014,76,"Batuhan","Rümeysa"
2014,77,"Doruk","Ceren"
2014,78,"Devran","Fatmanur"
2014,79,"Süleyman","İkra"
2014,80,"Musa","Esra"
2014,81,"Samet","Hayrunnisa"
2014,82,"Muhammet Ali","Bahar"
2014,83,"Adem","Fatma Zehra"
2014,84,"Mete","İpek"
2014,85,"Muhammet","Eda"
2014,86,"Yusuf Eymen","Fatma Nur"
2014,87,"Selim","Elif Su"
2014,88,"Mahir","Ravza"
2014,89,"Taha","Hazal"
2014,90,"Mahmut","Ceylin"
2014,91,"Eyüp","Hatice Kübra"
2014,92,"İbrahim Halil","Edanur"
2014,93,"Yunus","Aslı"
2014,94,"Barış","Semanur"
2014,95,"Ebubekir","Tuğba"
2014,96,"Muhammed Talha","İlayda"
2014,97,"Can","Nazlı"
2014,98,"Serhat","Sudenaz"
2014,99,"Onur","Beril"
2014,100,"Mehmet Efe","Elifnur"
